StudyName;Sample;Domain;StudyType;Task;Stimulus;MeasureType;M.Mono;SD.Mono;N.Mono;M.Biling;SD.Biling;N.Biling;g;vg
Lee & Chan (2000);1;Inhibition;Peer;Stroop;V;RT;8,04;4,38;35;9,25;4,87;50;-0,26;0,05
Rosselli et al. (2000);1;Fluency;Peer;Category Fluency;V;O;26,4;7,6;19;31,7;7,2;18;-0,70;0,12
Rosselli et al. (2000);1;Fluency;Peer;Letter Fluency;V;O;35,2;13,8;19;34,9;11,2;18;0,02;0,11
Gollan et al. (2002);1;Fluency;Peer;Category Fluency;V;O;;;30;;;30;-0,87;0,07
Gollan et al. (2002);1;Fluency;Peer;Letter Fluency;V;O;;;30;;;30;-0,39;0,07
Rosselli et al. (2002);1;Inhibition;Peer;Stroop;V;RT;97,91;27,44;11;112,85;30,18;71;-0,50;0,11
Rosselli et al. (2002);1;Monitoring;Peer;Stroop;V;RT;45,73;5,39;11;46,89;10,01;71;-0,12;0,11
Boutla (2003);1;WM;Peer;Simple Span FW;V;O;7,05;1,19;20;6,08;1,24;12;0,78;0,14
Bialystok et al. (2004);1;Inhibition;Peer;Simon;NV;RT;535;231,2;10;40;32,2;10;2,87;0,45
Bialystok et al. (2004);1;Monitoring;Peer;Simon;NV;RT;770;132,8;10;497;252,5;10;1,30;0,25
Bialystok et al. (2004);2;Inhibition;Peer;Simon;NV;RT;1713;971,7;10;748;806,6;10;1,03;0,23
Bialystok et al. (2004);2;Monitoring;Peer;Simon;NV;RT;1437;560,6;10;911;374,2;10;1,06;0,23
Bialystok et al. (2004);3;Inhibition;Peer;Simon;NV;RT;123;88,8;32;27,3;8;32;1,73;0,09
Bialystok et al. (2004);3;Monitoring;Peer;Simon;NV;RT;667;76,2;32;382;39,9;32;4,63;0,24
Bialystok et al. (2004);3;WM;Peer;LNS;V;O;28;4,5;32;28,8;4,6;32;-0,17;0,06
Bialystok et al. (2004);3;WM;Peer;LNS;V;O;24;4,8;32;25,1;4,8;32;-0,23;0,06
Bialystok et al. (2004);4;Inhibition;Peer;Simon;NV;RT;583;174,9;15;212;180,6;15;2,03;0,21
Bialystok et al. (2004);4;Monitoring;Peer;Simon;NV;RT;1012;216,2;15;1046;204;15;-0,16;0,13
Bialystok et al. (2004);4;WM;Peer;LNS;V;O;24;2,9;15;22,4;1,9;15;0,63;0,14
Bialystok et al. (2004);4;WM;Peer;LNS;V;O;23;5,1;15;21,6;2,8;15;0,33;0,14
Bialystok et al. (2004);5;Inhibition;Peer;Simon;NV;RT;766;68,4;10;358;29,6;10;7,41;1,89
Bialystok et al. (2004);5;Monitoring;Peer;Simon;NV;RT;532;66;10;335;26,7;10;3,75;0,63
Bialystok et al. (2004);5;WM;Peer;LNS;V;O;28,1;3,4;10;27,8;3,8;10;0,08;0,20
Bialystok et al. (2004);5;WM;Peer;LNS;V;O;28;4;10;25,4;4,2;10;0,61;0,21
Bialystok et al. (2005);1;Inhibition;Peer;Simon;NV;RT;499;94;10;475;80;10;0,26;0,20
Bialystok et al. (2005);1;Monitoring;Peer;Simon;NV;RT;425;76;10;415;64;10;0,14;0,20
Bialystok et al. (2005);2;Inhibition;Peer;Simon;NV;RT;499;94;10;397;62;9;1,21;0,26
Bialystok et al. (2005);2;Monitoring;Peer;Simon;NV;RT;425;76;10;348;46;9;1,12;0,25
Bialystok et al. (2006);1;WM;Peer;LNS;V;O;15,4;5,1;24;16;4,8;24;-0,12;0,08
Bialystok, Craik, & Ryan (2006);1;Inhibition;Peer;Antisaccade;NV;ACC;0,15;0,14;24;0,19;0,15;24;-0,27;0,08
Bialystok, Craik, & Ryan (2006);2;Inhibition;Peer;Antisaccade;NV;ACC;0,19;0,18;24;0,19;0,15;24;0,00;0,08
Bialystok, Craik, & Ryan (2006);3;Inhibition;Peer;Antisaccade;NV;ACC;0,01;0,02;24;0,01;0,03;24;0,00;0,08
Bialystok, Craik, & Ryan (2006);4;Inhibition;Peer;Antisaccade;NV;ACC;0,02;0,02;24;0,03;0,04;24;-0,31;0,08
Craik & Bialystok (2006);1;WM;Peer;LNS;V;O;36,5;8,5;15;34,8;7,6;15;0,21;0,13
Craik & Bialystok (2006);1;WM;Peer;Simple Span FW;V;O;74,1;22,9;15;66,3;23,3;15;0,33;0,14
Craik & Bialystok (2006);2;WM;Peer;LNS;V;O;21,4;10,7;15;33,5;12,7;15;-1,00;0,15
Craik & Bialystok (2006);2;WM;Peer;Simple Span FW;V;O;52,5;23;15;71,8;27,5;15;-0,74;0,14
Ransdell et al. (2006);1;WM;Peer;Complex Span;V;O;37,9;11,3;58;35,6;9,8;48;0,22;0,04
Ransdell et al. (2006);2;WM;Peer;Complex Span;V;O;44,8;5,64;58;35,6;9,8;31;1,06;0,06
DePape (2007);1;Inhibition;Other;Stroop ;V;RT;764,7;166,1;24;661,9;164,8;15;0,61;0,11
DePape (2007);1;Inhibition;Other;Stroop;NV;RT;533,2;88,5;24;470,5;49,7;15;0,81;0,12
DePape (2007);1;Monitoring;Other;Stroop;V;RT;675,1;126;24;621,5;127,2;15;0,42;0,11
DePape (2007);1;Monitoring;Other;Stroop;NV;RT;561,1;79,8;24;494,2;63;15;0,89;0,12
Fernandes et al. (2007);1;WM;Peer;Simple Span;V;O;16,7;1,5;26;16,8;1,5;26;-0,07;0,08
Fernandes et al. (2007);2;WM;Peer;Simple Span;V;O;16,7;0,9;26;15,8;1,2;26;0,84;0,08
Nikolova (2007);1;Inhibition;Other;Stroop;V;RT;861,03;87,28;12;768,29;59,59;12;1,20;0,20
Nikolova (2007);1;Monitoring;Other;Stroop;V;RT;774,81;72,44;12;750,81;66,12;12;0,33;0,17
Nikolova (2007);2;Inhibition;Other;Stroop;V;RT;889,15;129,71;17;759,25;62,24;17;1,25;0,14
Nikolova (2007);2;Monitoring;Other;Stroop;V;RT;795,83;92,76;17;744,96;61,09;17;0,63;0,12
Nikolova (2007);2;WM;Other;Simple Span BW;V;O;7,12;2,15;17;5,71;1,86;17;0,68;0,13
Nikolova (2007);2;WM;Other;Simple Span FW;V;O;9,82;1,74;17;9,65;1,97;17;0,09;0,12
Portocarrero et al. (2007);1;Fluency;Peer;Category Fluency;V;O;46,2;9,1;32;54,8;10,6;34;-0,86;0,07
Portocarrero et al. (2007);1;Fluency;Peer;Letter Fluency;V;O;35;7,5;39;36,9;10,1;39;-0,21;0,05
Badzakova-Trajkov (2008);1;Inhibition;Other;Stroop;V;RT;704,46;183,6;13;815,82;207,15;11;-0,55;0,18
Badzakova-Trajkov (2008);2;Inhibition;Other;Stroop;V;RT;7,48;3,92;13;6,33;2,87;10;0,32;0,18
Badzakova-Trajkov (2008);3;Inhibition;Other;Stroop;V;RT;7,48;3,92;13;7,44;3,49;10;0,01;0,18
Badzakova-Trajkov (2008);4;Inhibition;Other;Stroop;V;RT;18,27;11,97;16;9,07;8,69;12;0,83;0,16
Badzakova-Trajkov (2008);5;Inhibition;Other;Stroop;V;RT;18,27;11,97;16;9,52;8,91;12;0,79;0,16
Bialystok et al. (2008a);1;Attention;Peer;SART;V;ACC;95,9;2,7;24;96,2;3,5;24;-0,09;0,08
Bialystok et al. (2008a);1;Fluency;Peer;Category Fluency;V;O;21,3;3,8;24;23,3;5,4;24;-0,42;0,09
Bialystok et al. (2008a);1;Fluency;Peer;Letter Fluency;V;O;42,4;11,1;24;49,8;7,4;24;-0,77;0,09
Bialystok et al. (2008a);1;Inhibition;Peer;Stroop;V;RT;234;87;24;176;78;24;0,69;0,09
Bialystok et al. (2008a);1;Inhibition;Peer;Stroop;NV;RT;8,2;20,2;24;22,3;35,2;24;-0,48;0,09
Bialystok et al. (2008a);1;WM;Peer;Simple Span BW;NV;O;3,5;0,7;24;2,8;1,2;24;0,70;0,09
Bialystok et al. (2008a);1;WM;Peer;Simple Span FW;NV;O;3,8;1,2;24;3,3;0,9;24;0,46;0,09
Bialystok et al. (2008a);2;Attention;Peer;SART;V;ACC;94,7;5,4;24;96,9;3,2;24;-0,49;0,09
Bialystok et al. (2008a);2;Fluency;Peer;Category Fluency;V;O;15,7;5,4;24;20,1;3,9;24;-0,92;0,09
Bialystok et al. (2008a);2;Fluency;Peer;Letter Fluency;V;O;34,9;13,9;24;45,4;7,7;24;-0,92;0,09
Bialystok et al. (2008a);2;Inhibition;Peer;Stroop;V;RT;309;112;24;263;78;24;0,47;0,09
Bialystok et al. (2008a);2;Inhibition;Peer;Stroop;NV;RT;60,7;143,1;24;0,2;7,7;24;0,59;0,09
Bialystok et al. (2008a);2;WM;Peer;Simple Span BW;NV;O;2,3;0,7;24;2,5;0,7;24;-0,28;0,08
Bialystok et al. (2008a);2;WM;Peer;Simple Span FW;NV;O;3,5;0,8;24;3,5;0,8;24;0,00;0,08
Bialystok et al. (2008b);1;Fluency;Peer;Category Fluency;V;O;22,3;3,9;24;23,3;5,4;12;-0,20;0,13
Bialystok et al. (2008b);1;Fluency;Peer;Letter Fluency;V;O;14,6;3,8;24;16,6;2,5;12;-0,66;0,13
Bialystok et al. (2008b);1;WM;Peer;Simple Span BW;NV;O;3,6;0,5;24;2,8;1,2;12;0,76;0,13
Bialystok et al. (2008b);1;WM;Peer;Simple Span FW;NV;O;3,8;1,2;24;3,3;0,9;12;0,49;0,13
Bialystok et al. (2008b);2;Fluency;Peer;Category Fluency;V;O;20,3;3,6;24;23,3;5,4;12;-0,60;0,13
Bialystok et al. (2008b);2;Fluency;Peer;Letter Fluency;V;O;13,7;3,7;24;16,6;2,5;12;-0,96;0,14
Bialystok et al. (2008b);2;WM;Peer;Simple Span BW;NV;O;3,3;0,9;24;2,8;1,2;12;0,44;0,13
Bialystok et al. (2008b);2;WM;Peer;Simple Span FW;NV;O;3,8;1,3;24;3,3;0,9;12;0,47;0,13
Bialystok et al. (2008b);3;Fluency;Peer;Category Fluency;V;O;21,4;4,8;16;20;4,8;26;0,29;0,10
Bialystok et al. (2008b);3;Fluency;Peer;Letter Fluency;V;O;15,7;3,9;16;12,9;3,4;26;0,74;0,11
Bialystok et al. (2008b);3;WM;Peer;Simple Span BW;NV;O;10,1;2,4;16;10,8;2,3;26;-0,29;0,10
Bialystok et al. (2008b);3;WM;Peer;Simple Span FW;NV;O;9,6;2,3;16;10,4;1,4;26;-0,39;0,10
Bialystok et al. (2008b);4;Fluency;Peer;Category Fluency;V;O;16,7;5,3;16;20;4,8;24;-0,63;0,11
Bialystok et al. (2008b);4;Fluency;Peer;Letter Fluency;V;O;11,7;3,6;16;12,9;3,4;24;-0,33;0,11
Bialystok et al. (2008b);4;WM;Peer;Simple Span BW;NV;O;9;2,7;16;10,8;2,3;24;-0,69;0,11
Bialystok et al. (2008b);4;WM;Peer;Simple Span FW;NV;O;9,7;2,1;16;10,4;1,4;24;-0,37;0,11
Blumenfeld (2008);1;Inhibition;Peer;Stroop;NV;RT;469,7;57,81;24;469,5;57,81;24;0,00;0,08
Blumenfeld (2008);1;Inhibition;Peer;Stroop;NV;RT;491,8;58,79;24;494,2;58,79;24;-0,04;0,08
Blumenfeld (2008);1;Inhibition;Peer;Stroop;V;RT;472,8;49,48;24;457,7;49,48;24;0,30;0,08
Blumenfeld (2008);1;Monitoring;Peer;Stroop;NV;RT;425,3;50,95;24;423,8;50,95;24;0,03;0,08
Blumenfeld (2008);1;Monitoring;Peer;Stroop;NV;RT;442,4;50,95;24;445,4;50,95;24;-0,06;0,08
Blumenfeld (2008);1;Monitoring;Peer;Stroop;V;RT;445,7;38,7;24;423,9;38,7;24;0,55;0,09
Blumenfeld (2008);1;WM;Peer;Simple Span FW;V;RT;17,6;2,4;24;17,4;2;24;0,09;0,08
Chichibu et al. (2008);1;Inhibition;Other;Simon;NV;RT;41,24;28,36;18;17,67;20,83;18;0,93;0,12
Chichibu et al. (2008);1;WM;Other;Simple Span BW;NV;O;10,29;1,6;18;8;1,53;18;1,43;0,14
Chichibu et al. (2008);1;WM;Other;Simple Span FW;NV;O;11,22;1,9;18;8,44;2,38;18;1,26;0,14
Chichibu et al. (2008);1;WM;Other;Simple Span BW;V;O;10,06;1,96;18;6,22;2,07;18;1,86;0,16
Chichibu et al. (2008);1;WM;Other;Simple Span FW;V;O;12,61;1,79;18;10,72;2,16;18;0,93;0,12
Costa et al. (2008);1;Attention;Peer;Flanker Alerting;NV;RT;22;40;100;32;47;100;-0,23;0,02
Costa et al. (2008);1;Attention;Peer;Flanker;NV;RT;609;67;100;590;57;100;0,30;0,02
Costa et al. (2008);1;Inhibition;Peer;Flanker;NV;RT;107;80;100;97;60;100;0,14;0,02
Costa et al. (2008);1;Monitoring;Peer;Flanker;NV;RT;74;47;100;79;60;100;-0,09;0,02
Feng (2008);1;WM;Other;LNS;NV;O;4,3;1,1;22;4,1;0,8;22;0,20;0,09
Feng (2008);1;WM;Other;LNS;V;O;4,5;0,7;22;4,7;0,8;22;-0,26;0,09
Feng (2008);1;WM;Other;Simple Span FW ;NV;O;5,7;0,6;22;5,6;0,9;22;0,13;0,09
Feng (2008);2;WM;Other;LNS;NV;O;6;0,2;49;5,8;0,2;45;0,99;0,05
Feng (2008);2;WM;Other;LNS;V;O;6,8;0,2;49;6,6;0,2;45;0,99;0,05
Feng (2008);2;WM;Other;Simple Span FW;NV;O;5,7;0,1;49;5,2;0,2;45;3,09;0,10
Feng (2008);2;WM;Other;Simple Span FW;V;O;5,8;0,2;49;5,7;0,1;45;0,64;0,04
Luk (2008);1;Fluency;Other;Category Fluency;V;O;39,6;9,1;39;40,7;7,6;22;-0,13;0,07
Luk (2008);1;Fluency;Other;Letter Fluency;V;O;44,4;8,4;39;37,2;10,6;22;0,72;0,08
Luk (2008);1;Inhibition;Other;Flanker;NV;RT;565;68,94;40;533;49,25;22;0,50;0,07
Luk (2008);1;Monitoring;Other;GoNogo;NV;RT;601;92,34;40;571;83,6;22;0,33;0,07
Luk (2008);1;WM;Other;Simple Span BW;NV;O;10,7;2,7;40;9,9;2,8;22;0,29;0,77
Luk (2008);1;WM;Other;Simple Span FW;NV;O;9,7;2,9;40;8,9;2,7;22;0,29;0,07
Luk (2008);2;Fluency;Other;Category Fluency;V;O;32;6,6;39;40,7;7,6;29;-1,20;0,07
Luk (2008);2;Fluency;Other;Letter Fluency;V;O;32,4;9,8;39;37,2;10,6;29;-0,46;0,06
Luk (2008);2;Inhibition;Other;Flanker;NV;RT;565;68,94;40;569;59,24;29;-0,06;0,06
Luk (2008);2;Monitoring;Other;GoNogo;NV;RT;601;92,34;40;638;91,55;29;-0,40;0,06
Luk (2008);2;WM;Other;Simple Span BW;NV;O;9,6;2,9;40;9,9;2,8;29;-0,10;0,06
Luk (2008);2;WM;Other;Simple Span FW;NV;O;9,2;2,3;40;8,9;2,7;29;0,12;0,06
Luk (2008);3;Fluency;Other;Category Fluency;V;O;40,4;10,2;39;40,7;7,6;38;-0,03;0,05
Luk (2008);3;Fluency;Other;Letter Fluency;V;O;46;12,2;39;37,2;10,6;36;0,76;0,06
Luk (2008);3;Inhibition;Other;Flanker;NV;RT;565;68,94;40;548;67,81;38;0,25;0,05
Luk (2008);3;Monitoring;Other;GoNogo;NV;RT;601;92,34;40;602;104,8;38;-0,01;0,05
Luk (2008);3;WM;Other;Simple Span BW;NV;O;9,9;2,7;40;9,9;2,8;38;0,00;0,05
Luk (2008);3;WM;Other;Simple Span FW;NV;O;9,6;2,4;40;8,9;2,7;38;0,27;0,05
Luk (2008);4;Fluency;Other;Category Fluency;V;O;36,4;7,6;39;40,7;7,6;21;-0,56;0,08
Luk (2008);4;Fluency;Other;Letter Fluency;V;O;33,7;12;39;37,2;10,6;20;-0,31;0,08
Luk (2008);4;Inhibition;Other;Flanker;NV;RT;565;68,94;40;577;64,16;21;-0,18;0,07
Luk (2008);4;Monitoring;Other;GoNogo;NV;RT;601;92,34;40;641;91,65;21;-0,43;0,07
Luk (2008);4;WM;Other;Simple Span BW;NV;O;9,1;3;40;9,9;2,8;21;-0,28;0,07
Luk (2008);4;WM;Other;Simple Span FW;NV;O;8,5;2,8;40;8,9;2,7;21;-0,14;0,07
Bialystok & DePape (2009);1;Shifting;Peer;Trail Making;V;RT;40,5;10,8;24;37,7;10;24;0,26;0,08
Bialystok & DePape (2009);1;WM;Peer;Simple Span BW;NV;O;8,8;1,6;24;8,4;1,7;24;0,24;0,08
Bialystok & DePape (2009);1;WM;Peer;Simple Span FW;NV;O;9,5;0,9;24;8,9;1,3;24;0,53;0,09
Costa et al. (2009);1;Inhibition;Peer;Flanker;NV;RT;139;52;31;112;33;31;0,61;0,07
Costa et al. (2009);1;Monitoring;Peer;Flanker;NV;RT;562;58;31;530;35;31;0,66;0,07
Costa et al. (2009);2;Inhibition;Peer;Flanker;NV;RT;90;31;31;91;39;31;-0,03;0,06
Costa et al. (2009);2;Monitoring;Peer;Flanker;NV;RT;587;73;31;531;43;31;0,92;0,07
Gutierrez (2009);1;Inhibition;Other;Simon;NV;RT;27,78;70,59;84;54,3;72,77;61;-0,37;0,03
Gutierrez (2009);1;Monitoring;Other;Simon;NV;RT;859,31;196,43;84;903,84;216,07;61;-0,22;0,03
Kaushanskaya & Marian (2009);1;WM;Peer;Simple Span;V;O;74,95;20,21;20;77,55;19,72;20;-0,13;0,10
Kaushanskaya & Marian (2009);2;WM;Peer;Simple Span;V;O;76,67;20,75;20;77,55;19,72;20;-0,04;0,10
Pinto (2009);1;Inhibition;Other;Simon;NV;RT;6,52;57,33;15;48,82;35,59;15;-0,86;0,15
Pinto (2009);2;Inhibition;Other;Simon;NV;RT;59,52;172,89;15;37,81;63,95;15;0,16;0,13
Pinto (2009);2;Monitoring;Other;Simon;NV;RT;574,67;9977;15;566,23;74,37;15;0,09;0,13
Romano (2009);1;Inhibition;Other;Simon;NV;RT;42,02;27,91;20;18,14;30,49;23;0,80;0,10
Romano (2009);1;WM;Other;Complex Span;V;ACC;0,65;0,14;22;0,68;0,13;23;-0,22;0,09
Romano (2009);1;WM;Other;LNS;V;O;10,57;2,69;22;10,8;2,95;23;-0,08;0,09
Romano (2009);1;WM;Other;Simple Span FW;V;O;9,87;1,94;22;10,8;2,07;23;-0,46;0,09
Romano (2009);1;WM;Other;Simple Span FW;NV;O;9;1,57;22;8,15;2,01;23;0,46;0,09
Romano (2009);1;WM;Other;Simple Span BW;V;O;6,17;2,1;22;6,25;2;23;0,04;0,09
Romano (2009);1;WM;Other;Simple Span BW;NV;O;8,65;1,5;22;7,85;1,46;23;0,53;0,09
Romano (2009);2;Inhibition;Other;Simon;NV;RT;47,06;32,2;20;46,51;38,17;17;0,02;0,11
Romano (2009);2;WM;Other;Complex Span;V;O;0,52;0,2;21;0,54;0,13;18;-0,12;0,10
Romano (2009);2;WM;Other;LNS;V;O;8,56;2,2;21;9,15;1,81;18;-0,30;0,10
Romano (2009);2;WM;Other;Simple Span FW;V;O;9,56;2,36;21;10,1;2,22;18;-0,23;0,10
Romano (2009);2;WM;Other;Simple Span FW;NV;O;6,72;2,05;21;5,65;1,69;18;0,56;0,11
Romano (2009);2;WM;Other;Simple Span BW;V;O;6,33;1,75;21;5,9;2,36;18;0,20;0,10
Romano (2009);2;WM;Other;Simple Span BW;NV;O;5,83;1,82;21;5,25;1,59;18;0,33;0,10
Waldie et al. (2009);1;Inhibition;Peer;Stroop;NV;RT;37,88;54,18;10;-30,13;125,17;8;0,70;0,24
Duncan (2010);1;Inhibition;Other;Simon;NV;RT;397,74;223,68;16;399,89;230,92;16;-0,08;0,13
Duncan (2010);1;Monitoring;Other;Simon;NV;RT;27,18;161,56;16;38,51;116,44;16;-0,01;0,13
Duncan (2010);1;Monitoring;Other;Task Switching;V;RT;;;16;;;16;-0,12;0,13
Duncan (2010);1;Shifting;Other;Task Switching;V;RT;;;16;;;16;-0,12;0,13
Duncan (2010);1;Shifting;Other;Trail Making;V;RT;1,06;51,6;16;-4,27;42,2;16;0,11;0,13
Duncan (2010);1;WM;Other;LNS;V;O;14,13;12,8;16;13,88;14,68;16;0,02;0,13
Garbin et al. (2010);1;Monitoring;Peer;Task Switching;NV;RT;785;118;21;792;143;16;-0,05;0,10
Garbin et al. (2010);1;Shifting;Peer;Task Switching;NV;RT;33;56;21;3,5;32;16;0,63;0,11
Hernandez et al. (2010);1;Inhibition;Peer;Stroop;V;RT;610;627,51;41;573;422,61;41;0,07;0,05
Hernandez et al. (2010);1;Monitoring;Peer;Stroop;V;RT;543;563,47;41;508;364,98;41;0,07;0,05
Luk et al. (2010);1;WM;Peer;Simple Span;NV;O;8,1;3,7;9;10,1;2,1;9;-0,63;0,24
Luo et al. (2010);1;Fluency;Peer;Category Fluency;V;O;20;6,1;20;21,1;4,2;20;-0,21;0,10
Luo et al. (2010);1;Fluency;Peer;Letter Fluency;V;O;15,4;4;20;11,8;3,5;20;0,94;0,11
Luo et al. (2010);1;WM;Peer;Simple Span BW;NV;O;10,4;2,2;20;11,1;2;20;-0,33;0,10
Luo et al. (2010);1;WM;Peer;Simple Span FW;NV;O;9,4;2,4;20;9,3;2,9;20;0,04;0,10
Luo et al. (2010);2;Fluency;Peer;Category Fluency;V;O;19,1;3,3;20;21,1;4,2;20;-0,52;0,10
Luo et al. (2010);2;Fluency;Peer;Letter Fluency;V;O;11,2;3,3;20;11,8;3,5;20;-0,17;0,10
Luo et al. (2010);2;WM;Peer;Simple Span BW;NV;O;10,1;3;20;11,1;2;20;-0,38;0,10
Luo et al. (2010);2;WM;Peer;Simple Span FW;NV;O;9,7;3,3;20;9,3;2,9;20;0,13;0,10
Martins (2010);1;Inhibition;Other;Simon;NV;RT;757,3;180,9;17;942,7;375,9;17;0,12;0,12
Martins (2010);1;Monitoring;Other;Simon;NV;RT;84,2;105;17;62;237,5;17;-0,61;0,12
Martins (2010);1;WM;Other;Simple Span;V;ACC;;;18;;;18;-0,23;0,11
Moreno et al. (2010);1;WM;Peer;Simple Span;NV;O;16,6;2,4;14;17,4;2,4;14;-0,32;0,15
Prior & MacWhinney (2010);1;WM;Peer;Complex Span;V;ACC;56,22;0,49;44;55,82;0,58;44;0,74;0,05
Prior & MacWhinney (2010);1;WM;Peer;Complex Span;V;ACC;56,38;0,54;44;54,98;0,64;44;2,34;0,08
Prior & MacWhinney (2010);1;Monitoring;Peer;Task Switching;NV;RT;323;154,3;44;304;157,7;44;0,12;0,05
Prior & MacWhinney (2010);1;Shifting;Peer;Task Switching;NV;RT;206;134,2;44;144;109,7;44;0,50;0,05
Salvatierra & Rosselli (2010);1;Inhibition;Peer;Simon;NV;RT;37,54;33,3;66;29,41;39,7;67;0,22;0,03
Salvatierra & Rosselli (2010);1;Monitoring;Peer;Simon;NV;RT;433,98;70,5;66;451,42;64,7;67;-0,26;0,03
Salvatierra & Rosselli (2010);2;Inhibition;Peer;Simon;NV;RT;66,9;61,1;42;30,74;41,9;58;0,71;0,04
Salvatierra & Rosselli (2010);2;Monitoring;Peer;Simon;NV;RT;470,45;67;42;499,94;150,5;58;-0,24;0,04
Sandoval (2010);1;Fluency;Other;Category Fluency;V;O;10,9;3,9;36;14,7;3,9;10;-0,96;0,14
Sandoval (2010);1;Fluency;Other;Letter Fluency;V;O;17;5,2;36;20,3;4,3;10;-0,72;0,13
Wodniecka et al. (2010);1;WM;Peer;Simple Span BW;NV;O;8;2,2;22;8,5;1,6;22;-0,26;0,09
Wodniecka et al. (2010);1;WM;Peer;Simple Span BW;V;O;7,7;1,8;22;7,5;2,1;22;0,10;0,09
Wodniecka et al. (2010);1;WM;Peer;Simple Span FW;NV;O;9,2;2;22;9,9;1,7;22;-0,37;0,09
Wodniecka et al. (2010);1;WM;Peer;Simple Span FW;V;O;8,9;2,5;22;10,6;2;22;-0,74;0,10
Wodniecka et al. (2010);2;WM;Peer;Simple Span BW;NV;O;5,7;1,8;19;5,6;1,1;19;0,07;0,11
Wodniecka et al. (2010);2;WM;Peer;Simple Span BW;V;O;6,9;1,7;19;6,9;2,4;19;0,00;0,11
Wodniecka et al. (2010);2;WM;Peer;Simple Span FW;NV;O;6,7;1,6;19;6,5;1,7;19;0,12;0,11
Wodniecka et al. (2010);2;WM;Peer;Simple Span FW;V;O;7,7;2,4;19;8,6;1,5;19;-0,44;0,11
Wodniecka et al. (2010);3;WM;Peer;LNS;NV;O;6,1;0,9;26;5,6;1,2;24;0,47;0,08
Wodniecka et al. (2010);4;WM;Peer;LNS;NV;O;4,2;1,3;23;4,1;1,1;20;0,08;0,09
Billig & Scholl (2011);1;Inhibition;Peer;Stroop;NV;RT;92,9;188,1;21;19,5;187,8;20;0,38;0,10
Billig & Scholl (2011);1;Inhibition;Peer;Stroop;V;RT;46,6;191,7;21;28,3;215,9;20;0,09;0,10
Billig & Scholl (2011);1;Monitoring;Peer;Stroop;NV;RT;624,6;253,9;21;569;175,4;20;0,25;0,10
Billig & Scholl (2011);1;Monitoring;Peer;Stroop;V;RT;693,8;269,1;21;632,4;203,9;20;0,25;0,10
Billig & Scholl (2011);2;Inhibition;Peer;Stroop;NV;RT;100,3;176,4;21;57,8;167,5;21;0,24;0,10
Billig & Scholl (2011);2;Inhibition;Peer;Stroop;V;RT;43,7;168,7;21;63;117,6;21;-0,13;0,10
Billig & Scholl (2011);2;Monitoring;Peer;Stroop;NV;RT;881,4;477;21;749,8;401;21;0,29;0,10
Billig & Scholl (2011);2;Monitoring;Peer;Stroop;V;RT;814,2;369,9;21;721,6;319,6;21;0,26;0,10
Blumenfeld & Marian (2011);1;Monitoring;Peer;Stroop;NV;ACC;93,4;6,57;30;90,2;6,57;30;0,48;0,07
Blumenfeld & Marian (2011);1;WM;Peer;Simple Span FW;V;O;17,6;2,5;30;17,5;2,1;30;0,04;0,07
Bonifacci et al. (2011);1;Inhibition;Peer;GoNogo;NV;ACC;94,58;4,85;16;90,42;22,59;16;0,25;0,13
Bonifacci et al. (2011);1;Inhibition;Peer;GoNogo;NV;ACC;9,58;22,59;16;5,42;4,85;16;0,25;0,13
Luk et al. (2011);1;Inhibition;Peer;Flanker;NV;RT;565,2;70,3;38;557,9;80,9;43;0,09;0,05
Luk et al. (2011);1;Monitoring;Peer;Flanker;NV;RT;397,4;51,5;38;415,8;76,4;43;-0,28;0,05
Luk et al. (2011);1;WM;Peer;Simple Span;NV;O;9,7;2,3;38;9,2;2,6;43;0,20;0,05
Luk et al. (2011);2;Inhibition;Peer;Flanker;NV;RT;565,2;70,3;38;569,8;87,2;42;-0,06;0,05
Luk et al. (2011);2;Monitoring;Peer;Flanker;NV;RT;397,4;51,5;38;405,7;53,3;42;-0,16;0,05
Luk et al. (2011);2;WM;Peer;Simple Span;NV;O;9,1;2,6;38;9,2;2,6;42;-0,04;0,05
Prior & Gollan (2011);1;Fluency;Peer;Category Fluency;V;O;30,1;4,8;47;35,9;4;41;-1,31;0,06
Prior & Gollan (2011);1;Monitoring;Peer;Task Switching;NV;RT;235;115;47;230;86;41;0,05;0,05
Prior & Gollan (2011);1;Shifting;Peer;Task Switching;NV;RT;170;75;47;158;85;41;0,15;0,05
Prior & Gollan (2011);2;Fluency;Peer;Category Fluency;V;O;35,2;3,3;47;35,9;4;43;-0,19;0,04
Prior & Gollan (2011);2;Monitoring;Peer;Task Switching;NV;RT;235;115;47;223;109;43;0,11;0,04
Prior & Gollan (2011);2;Shifting;Peer;Task Switching;NV;RT;170;75;47;170;80;43;0,00;0,04
Soveri et al. (2011);1;WM;Peer;Simple Span BW;V;O;5,8;1,3;18;5,4;1,3;17;0,30;0,12
Soveri et al. (2011);1;WM;Peer;Simple Span FW;V;O;6,9;1;18;6,1;1,2;17;0,71;0,12
Soveri et al. (2011);2;WM;Peer;Simple Span BW;V;O;4,8;0,9;14;5,1;1,1;16;-0,29;0,14
Soveri et al. (2011);2;WM;Peer;Simple Span FW;V;O;6;1,3;14;6,2;0,7;16;-0,18;0,13
Tao et al. (2011);1;Attention;Peer;Flanker;NV;RT;;;34;;;36;0,86;0,06
Tao et al. (2011);1;Attention;Peer;Flanker;NV;RT;;;34;;;36;0,93;0,06
Tao et al. (2011);1;Inhibition;Peer;Flanker;NV;RT;;;34;;;36;0,86;0,06
Tao et al. (2011);1;Monitoring;Peer;Flanker;NV;RT;;;34;;;36;0,92;0,06
Tao et al. (2011);2;Attention;Peer;Flanker;NV;RT;;;34;;;36;0,28;0,06
Tao et al. (2011);2;Attention;Peer;Flanker;NV;RT;;;34;;;36;0,48;0,06
Tao et al. (2011);2;Inhibition;Peer;Flanker;NV;RT;;;34;;;36;0,42;0,06
Tao et al. (2011);2;Monitoring;Peer;Flanker;NV;RT;;;34;;;36;0,16;0,06
Abutalebi et al. (2012);1;Inhibition;Peer;Flanker;NV;RT;693;34,9;14;733;31,6;17;-1,18;0,16
Abutalebi et al. (2012);1;Monitoring;Peer;Flanker;NV;RT;564;28,3;14;604;25,7;17;-1,45;0,17
Bennett (2012);1;Fluency;Other;Category Fluency;V;O;;;30;;;77;-0,61;0,05
Bennett (2012);1;Fluency;Other;Letter Fluency;V;O;;;30;;;77;-0,29;0,05
Bennett (2012);1;Shifting;Other;Trail Making;V;O;47,44;8;30;56,77;9,77;77;-1,09;0,05
Bennett (2012);2;Fluency;Other;Category Fluency;V;O;;;30;;;22;-1,06;0,09
Bennett (2012);2;Fluency;Other;Letter Fluency;V;O;;;30;;;22;-0,97;0,09
Bennett (2012);2;Shifting;Other;Trail Making;V;O;45,41;12,03;30;56,77;9,77;22;-1,04;0,09
Hermans (2012);1;Inhibition;Other;Simon;NV;RT;-6,6;56,44;12;31;58,81;18;-0,63;0,15
Hermans (2012);1;WM;Other;Simple Span BW;V;O;8,29;1,99;12;7,7;2;18;0,29;0,14
Hermans (2012);2;Inhibition;Other;Simon;NV;RT;25,4;68,69;19;46,1;66,68;21;-0,30;0,10
Hermans (2012);2;WM;Other;Simple Span BW;V;O;6,4;1,5;19;5,95;2,12;21;0,24;0,10
Hermans (2012);3;Inhibition;Other;Simon;NV;RT;46,52;60,48;13;37,41;82,87;25;0,12;0,12
Hermans (2012);3;WM;Other;Simple Span BW;V;O;6,46;1,96;13;4,96;1,49;25;0,81;0,13
Kousaie & Phillips (2012);1;Inhibition;Peer;Flanker;NV;RT;68,6;24,2;24;66,28;29,43;26;0,08;0,08
Kousaie & Phillips (2012);1;Inhibition;Peer;Simon;NV;RT;36,61;12,39;24;41,35;13,48;26;-0,36;0,08
Kousaie & Phillips (2012);1;Inhibition;Peer;Stroop;V;RT;51,87;20,55;25;55,27;26,1;26;-0,14;0,08
Marzecova et al. (2012);1;Attention;Peer;Flanker;NV;RT;33;20;17;48;15;18;-0,83;0,13
Marzecova et al. (2012);1;Attention;Peer;Flanker;NV;RT;127;63;17;158;74;18;-0,44;0,12
Marzecova et al. (2012);1;Inhibition;Peer;Flanker;NV;RT;96;25,48;17;74;23,6;18;0,88;0,13
Marzecova et al. (2012);1;Monitoring;Peer;Flanker;NV;RT;649;52;17;641;64;18;0,13;0,11
Pelham (2012);1;Fluency;Other;Category Fluency;V;O;18,24;4,49;54;18,35;3,21;56;-0,03;0,04
Pelham (2012);1;Fluency;Other;Letter Fluency;V;O;12,81;5,19;54;12,07;3,19;56;0,17;0,04
Pelham (2012);1;Inhibition;Other;Simon;NV;RT;748,26;98,09;54;715,91;98,09;56;0,33;0,04
Pelham (2012);1;Monitoring;Other;Simon;NV;RT;717,38;103,46;54;680,86;79,6;56;0,40;0,04
Pelham (2012);2;Fluency;Other;Category Fluency;V;O;18,9;6,02;54;18,35;3,21;30;0,12;0,05
Pelham (2012);2;Fluency;Other;Letter Fluency;V;O;14,07;5,84;54;12,07;3,19;30;0,46;0,05
Pelham (2012);2;Inhibition;Other;Simon;NV;RT;748,26;98,09;54;714,55;92,01;30;0,35;0,05
Pelham (2012);2;Monitoring;Other;Simon;NV;RT;717,38;103,46;54;682,89;92,87;30;0,34;0,05
Schroeder & Marian (2012);1;Inhibition;Peer;Simon;NV;RT;51;24;18;23;51;18;0,69;0,12
Schroeder & Marian (2012);1;Monitoring;Peer;Simon;NV;RT;598;76;18;620;57;18;-0,32;0,11
Yoo & Kaushanskaya (2012);1;WM;Peer;Simple Span BW;V;O;0,17;1,02;23;-0,17;0,98;21;0,33;0,09
Yoo & Kaushanskaya (2012);1;WM;Peer;Simple Span FW;V;O;-0,34;0,89;23;0,36;1;21;-0,72;0,10
Yoo & Kaushanskaya (2012);1;WM;Peer;Simple Span;V;ACC;;;23;;;21;-0,16;0,10
Batres (2013);1;Inhibition;Other;Stroop;V;RT;168,01;85,88;48;162,71;80,47;48;0,06;0,04
Batres (2013);1;Shifting;Other;Trail Making;V;RT;800,89;151,04;48;889,12;179,04;48;-0,53;0,04
Batres (2013);1;Shifting;Other;WCST;V;O;12,01;3,19;48;11,53;4,39;48;0,12;0,04
Blumenfeld & Marian (2013);1;Inhibition;Peer;Stroop;NV;RT;462,9;55,32;30;447,2;55,38;15;0,28;0,10
Blumenfeld & Marian (2013);1;Monitoring;Peer;Stroop;NV;RT;416;49,3;30;413,8;49,19;15;0,04;0,10
Blumenfeld & Marian (2013);1;WM;Peer;Simple Span;V;O;17,5;2,32;30;17,5;2,19;15;0,00;0,10
Blumenfeld & Marian (2013);2;Inhibition;Peer;Stroop;NV;RT;462,9;55,32;30;461;55,2;16;0,03;0,10
Blumenfeld & Marian (2013);2;Monitoring;Peer;Stroop;NV;RT;416;49,3;30;411,3;49,2;16;0,09;0,10
Blumenfeld & Marian (2013);2;WM;Peer;Simple Span;V;O;17,8;2,8;30;17,5;2,19;16;0,12;0,10
Bogulski (2013);1;Inhibition;Other;Flanker;NV;RT;41;25;20;48;19;18;-0,31;0,11
Bogulski (2013);1;Inhibition;Other;GoNogo;NV;ACC;94;6;20;91;8;18;0,41;0,11
Bogulski (2013);1;Monitoring;Other;Flanker;NV;RT;533;72;20;510;60;18;0,34;0,11
Bogulski (2013);1;WM;Other;Complex Span;V;O;49,9;6,4;20;44,8;8,8;18;0,64;0,11
Bogulski (2013);2;Inhibition;Other;Flanker;NV;RT;41;25;20;31;20;12;0,42;0,14
Bogulski (2013);2;Inhibition;Other;GoNogo;NV;ACC;91;9;20;91;8;12;0,00;0,13
Bogulski (2013);2;Monitoring;Other;Flanker;NV;RT;533;72;20;530;86;12;0,04;0,13
Bogulski (2013);2;WM;Other;Complex Span;V;O;49,5;8,3;20;44,8;8,8;12;0,53;0,14
Bogulski (2013);3;WM;Other;Complex Span;V;O;54,5;3,7;17;45,6;8,4;14;1,29;0,16
Coderre et al. (2013);1;Inhibition;Peer;Stroop;V;RT;57;48,4;23;40;52,3;22;0,33;0,09
Coderre et al. (2013);1;Monitoring;Peer;Stroop;V;RT;572,9;119,8;23;557,5;92,4;22;0,14;0,09
Coderre et al. (2013);2;Inhibition;Peer;Stroop;V;RT;57;48,4;23;56,1;34,9;15;0,02;0,11
Coderre et al. (2013);2;Monitoring;Peer;Stroop;V;RT;572,9;119,8;23;575,4;94,7;15;-0,02;0,11
Dana-Gordon (2013);1;Inhibition;Other;GoNogo;NV;ACC;0,3;0,5;19;0,5;1,4;19;-0,19;0,11
Dana-Gordon (2013);1;Inhibition;Other;GoNogo;V;ACC;0,7;1,1;19;0,7;0,9;19;0,00;0,11
Dana-Gordon (2013);1;WM;Other;Simple Span;NV;O;28,2;2,8;19;26,4;2,7;19;0,64;0,11
Dana-Gordon (2013);2;Inhibition;Other;GoNogo;NV;ACC;0,3;0,47;19;0,31;0,94;20;-0,01;0,10
Dana-Gordon (2013);2;Inhibition;Other;GoNogo;V;ACC;0,8;1,1;19;0,78;0,91;20;0,02;0,10
Dana-Gordon (2013);2;WM;Other;Simple Span;NV;O;85,05;8,93;19;81,35;8,41;20;0,42;0,11
Dana-Gordon (2013);3;Inhibition;Other;GoNogo;NV;ACC;0,3;0,67;10;0,9;1,59;10;-0,47;0,21
Dana-Gordon (2013);3;Inhibition;Other;GoNogo;V;ACC;0,5;0,7;10;0,3;0,67;10;0,28;0,20
Dana-Gordon (2013);3;WM;Other;Simple Span;NV;O;85,7;6,68;10;78,6;8,14;10;0,91;0,23
Gold et al. (2013);1;Monitoring;Peer;Task Switching;NV;RT;856;147;15;829;194;15;0,15;0,13
Gold et al. (2013);1;Shifting;Peer;Task Switching;NV;RT;152,1;72,9;15;102,2;74,8;15;0,66;0,14
Gold et al. (2013);1;WM;Peer;Simple Span BW;V;O;6,3;1,8;15;6,47;1,6;15;-0,10;0,13
Gold et al. (2013);1;WM;Peer;Simple Span FW;V;O;9,87;1,9;15;9,27;1,6;15;0,33;0,14
Gold et al. (2013);2;Monitoring;Peer;Task Switching;NV;RT;764;158;20;752;160;20;0,07;0,10
Gold et al. (2013);2;Shifting;Peer;Task Switching;NV;RT;74;70;20;88;49;20;-0,23;0,10
Gold et al. (2013);2;WM;Peer;Simple Span BW;V;O;10,8;2,4;20;10,7;2,5;20;0,04;0,10
Gold et al. (2013);2;WM;Peer;Simple Span FW;V;O;10,3;3,1;20;10,4;2,8;20;-0,03;0,10
Gold et al. (2013);3;Monitoring;Peer;Task Switching;NV;RT;906;168;20;876;182;20;0,17;0,10
Gold et al. (2013);3;Shifting;Peer;Task Switching;NV;RT;178;99;20;114;102;20;0,62;0,11
Gold et al. (2013);3;WM;Peer;Simple Span BW;V;O;9,7;2,1;20;10,6;2;20;-0,43;0,10
Gold et al. (2013);3;WM;Peer;Simple Span FW;V;O;10,5;3,2;20;10,5;2,1;20;0,00;0,10
Gutierrez (2013);1;Attention;Other;Flanker Alerting;NV;RT;34,32;26,15;120;34,58;24,21;120;-0,01;0,02
Gutierrez (2013);1;Attention;Other;Flanker;NV;RT;56,03;33,52;120;52,29;31,19;120;0,12;0,02
Gutierrez (2013);1;Inhibition;Other;Flanker;NV;RT;126,12;53,5;120;124,17;50,03;120;0,04;0,02
Gutierrez (2013);1;Inhibition;Other;Stroop;NV;RT;59,2;43,29;120;62,07;58,15;120;-0,06;0,02
Gutierrez (2013);1;Monitoring;Other;Flanker;NV;RT;593,8;76,2;120;591,72;99,37;60;0,02;0,03
Gutierrez (2013);1;Monitoring;Other;Task Switching;NV;RT;285,03;149,37;120;316,22;178,11;120;-0,19;0,02
Gutierrez (2013);1;Shifting;Other;Task Switching;NV;RT;148,26;108,25;120;152;119,39;120;-0,03;0,02
Hernandez et al. (2013);1;Monitoring;Peer;Task Switching;NV;RT;824;155;50;789;129;50;0,24;0,04
Hernandez et al. (2013);1;Shifting;Peer;Task Switching;NV;RT;182;138,87;50;162;139,81;50;0,14;0,04
Hernandez et al. (2013);2;Monitoring;Peer;Task Switching;NV;RT;809;119;37;825;140;37;-0,12;0,05
Hernandez et al. (2013);2;Shifting;Peer;Task Switching;NV;RT;37;93,43;37;43;110,42;37;-0,06;0,05
Hernandez et al. (2013);3;Monitoring;Peer;Task Switching;NV;RT;;;21;;;20;0,87;0,11
Hernandez et al. (2013);3;Shifting;Peer;Task Switching;NV;RT;;;21;;;20;0,11;0,10
Hernandez et al. (2013);4;Monitoring;Peer;Task Switching;NV;RT;130;66;39;143;60;38;-0,20;0,05
Hernandez et al. (2013);4;Shifting;Peer;Task Switching;NV;RT;165;78;39;164;84;38;0,01;0,05
Keijzer (2013);1;Inhibition;Peer;Stroop;V;RT;97,04;117,86;45;50,6;93,57;17;0,41;0,08
Keijzer (2013);1;Inhibition;Peer;Stroop;V;RT;123,79;183,1;46;50,6;93,57;17;0,44;0,08
Keijzer (2013);1;WM;Peer;Complex Span;V;O;41,88;3,86;54;36,02;7,13;17;0,89;0,08
Keijzer (2013);1;WM;Peer;Complex Span;V;O;41,88;3,86;54;37,07;7,48;17;0,70;0,08
Keijzer (2013);2;Inhibition;Peer;Stroop;V;RT;97,04;117,86;45;159,06;144,02;17;-0,49;0,08
Keijzer (2013);2;Inhibition;Peer;Stroop;V;RT;123,79;183,1;46;159,06;144,02;17;-0,20;0,08
Keijzer (2013);2;WM;Peer;Complex Span;V;O;37,35;4,5;54;36,02;7,13;17;0,20;0,08
Keijzer (2013);2;WM;Peer;Complex Span;V;O;37,35;4,5;54;37,07;7,48;17;0,04;0,08
Keijzer (2013);3;Inhibition;Peer;Stroop;V;RT;97,04;117,86;45;157,2;292,41;29;-0,29;0,06
Keijzer (2013);3;Inhibition;Peer;Stroop;V;RT;123,79;183,1;46;157,2;292,41;29;-0,14;0,06
Keijzer (2013);3;WM;Peer;Complex Span;V;O;30,79;7,36;54;36,02;7,13;29;-0,72;0,06
Keijzer (2013);3;WM;Peer;Complex Span;V;O;30,79;7,36;54;37,07;7,48;29;-0,84;0,06
Ladas (2013);1;Attention;Other;Flanker Alerting;NV;RT;;;17;;;20;-0,74;0,11
Ladas (2013);1;Attention;Other;Flanker Orienting;NV;RT;;;17;;;20;-0,96;0,12
Ladas (2013);1;Attention;Other;Flanker Orienting;NV;RT;;;20;;;20;-0,50;0,10
Ladas (2013);1;Inhibition;Other;Flanker;NV;RT;;;20;;;20;-0,56;0,10
Ladas (2013);1;Inhibition;Other;Flanker;NV;RT;;;17;;;20;-1,01;0,12
Ladas (2013);1;Monitoring;Other;Flanker;NV;RT;;;20;;;20;-0,51;0,10
Ladas (2013);1;Monitoring;Other;Flanker;NV;RT;581,99;101,2;17;707,67;121,67;20;-1,09;0,13
Ladas (2013);2;Attention;Other;Flanker Alerting;NV;RT;742,77;85,06;22;789,94;169,9;18;-0,36;0,10
Ladas (2013);2;Attention;Other;Flanker Orienting;NV;RT;798,91;87,28;22;762,67;191,69;18;0,25;0,10
Ladas (2013);2;Monitoring;Other;Flanker;NV;RT;856,2;82,66;22;864,58;208,77;18;-0,05;0,10
Ladas (2013);2;Monitoring;Other;Simon;NV;RT;657;108,16;22;674,14;233,57;20;-0,09;0,10
Ladas (2013);2;Inhibition;Other;Flanker;NV;RT;697,41;87,3;22;727,85;142,34;18;-0,26;0,10
Ladas (2013);2;Inhibition;Other;Simon;NV;RT;588,27;90,45;22;576,07;162,51;20;0,09;0,10
Ljungberg et al. (2013);1;Fluency;Peer;Category Fluency;V;O;5,74;2,49;44;3,33;2,5;89;0,30;0,04
Ljungberg et al. (2013);1;Fluency;Peer;Letter Fluency;V;O;15,91;4,36;44;8,83;2,99;89;1,09;0,05
Ljungberg et al. (2013);2;Fluency;Peer;Category Fluency;V;O;5;1,26;30;4,31;2,36;15;0,40;0,11
Ljungberg et al. (2013);2;Fluency;Peer;Letter Fluency;V;O;14,83;5,23;30;9,5;5,24;15;1,42;0,14
Luo et al. (2013);1;WM;Peer;LNS;V;O;26,2;8,4;58;30,8;8,3;99;-0,55;0,03
Luo et al. (2013);1;WM;Peer;Simple Span;V;O;36,5;11,8;58;41,5;9,2;99;-0,46;0,03
Luo et al. (2013);1;WM;Peer;Simple Span BW;NV;O;43,2;13,8;58;41,1;14,5;99;0,15;0,03
Luo et al. (2013);1;WM;Peer;Simple Span FW;NV;O;49,9;13;58;48;13,8;99;0,14;0,03
Luo et al. (2013);2;WM;Peer;LNS;V;O;21,9;8,9;61;25,3;8,8;60;-0,38;0,03
Luo et al. (2013);2;WM;Peer;Simple Span BW;NV;O;29,8;13;61;27,9;10,5;60;0,16;0,03
Luo et al. (2013);2;WM;Peer;Simple Span FW;NV;O;37,2;10,3;61;33,3;11,4;60;0,36;0,03
Luo et al. (2013);2;WM;Peer;Simple Span FW;V;O;25,9;7,9;61;28,8;10,6;60;-0,31;0,03
Martinez Reyes (2013);1;Fluency;Other;Category Fluency;V;O;0,25;1,19;228;0,25;1,19;118;0,00;0,01
Martinez Reyes (2013);1;Fluency;Other;Letter Fluency;V;O;-0,04;1,14;226;0,07;1,14;115;-0,10;0,01
Martinez Reyes (2013);1;Inhibition;Other;Stroop;V;RT;0,14;0,03;225;0,03;1,31;116;0,14;0,01
Martinez Reyes (2013);1;WM;Other;Simple Span;V;O;17,24;3,7;229;18,22;4,2;118;-0,20;0,01
Marzecova et al. (2013);1;Monitoring;Peer;Task Switching;NV;RT;128;102;21;73;71;22;0,04;0,09
Marzecova et al. (2013);1;Shifting;Peer;Task Switching;NV;RT;;;21;;;22;0,34;0,10
Paap & Greenberg (2013);1;Inhibition;Peer;Simon;V;RT;471;60,37;45;489;58,31;34;-0,30;0,05
Paap & Greenberg (2013);1;Monitoring;Peer;Simon;V;RT;440;60,37;45;459;58,31;34;-0,32;0,05
Paap & Greenberg (2013);1;Monitoring;Peer;Task Switching;NV;RT;814;331,66;44;877;334,11;30;-0,19;0,06
Paap & Greenberg (2013);1;Shifting;Peer;Task Switching;NV;RT;1016;437,79;44;1077;432,7;30;-0,14;0,06
Paap & Greenberg (2013);2;Inhibition;Peer;Simon;V;RT;482;49,5;50;481;36;36;0,02;0,05
Paap & Greenberg (2013);2;Monitoring;Peer;Simon;V;RT;451;49,5;50;445;54;36;-0,12;0,05
Paap & Greenberg (2013);2;Monitoring;Peer;Task Switching;NV;RT;790;210;49;796;211,58;31;-0,03;0,05
Paap & Greenberg (2013);2;Shifting;Peer;Task Switching;NV;RT;976;259;49;1013;256,12;31;-0,14;0,05
Paap & Greenberg (2013);3;Inhibition;Peer;Simon;V;RT;494;51,91;55;500;49,99;51;-0,12;0,04
Paap & Greenberg (2013);3;Inhibition;Peer;Flanker;NV;RT;94,26;44,46;53;98,43;43,69;50;-0,09;0,04
Paap & Greenberg (2013);3;Monitoring;Peer;Flanker;NV;RT;555;87,36;53;560;91;49;-0,56;0,04
Paap & Greenberg (2013);3;Monitoring;Peer;Simon;V;RT;468;59,33;55;464;57,13;51;0,07;0,04
Paap & Greenberg (2013);3;Monitoring;Peer;Task Switching;NV;RT;803;264,23;51;838;263,27;48;-0,13;0,04
Paap & Greenberg (2013);3;Shifting;Peer;Task Switching;NV;RT;1030;364,21;51;1072;360,27;48;-0,12;0,04
Paap & Greenberg (2013);4;Inhibition;Peer;Antisaccade;V;RT;48,04;12,35;45;42,63;15,27;35;0,39;0,05
Prior & Gollan (2013);1;Monitoring;Peer;Task Switching;NV;RT;82;70,55;54;103;92,04;56;-0,25;0,04
Prior & Gollan (2013);1;Monitoring;Peer;Task Switching;NV;RT;89;80,1;54;85;93,54;56;0,05;0,04
Prior & Gollan (2013);1;Shifting;Peer;Task Switching;NV;RT;16;69,81;54;4;90,55;56;0,15;0,04
Prior & Gollan (2013);1;Shifting;Peer;Task Switching;NV;RT;45;79,36;54;52;86,81;56;-0,08;0,04
Prior & Gollan (2013);2;Monitoring;Peer;Task Switching;NV;RT;82;70,55;54;50;74,22;17;0,44;0,08
Prior & Gollan (2013);2;Monitoring;Peer;Task Switching;NV;RT;89;80,1;54;72;40,82;17;0,23;0,08
Prior & Gollan (2013);2;Shifting;Peer;Task Switching;NV;RT;16;69,81;54;21;74,63;17;-0,07;0,08
Prior & Gollan (2013);2;Shifting;Peer;Task Switching;NV;RT;45;79,36;54;59;96,48;17;-0,17;0,08
Prior & Gollan (2013);3;Monitoring;Peer;Task Switching;NV;RT;82;70,55;54;66;77,39;31;0,22;0,05
Prior & Gollan (2013);3;Monitoring;Peer;Task Switching;NV;RT;89;80,1;54;72;100,22;31;0,19;0,05
Prior & Gollan (2013);3;Shifting;Peer;Task Switching;NV;RT;16;69,81;54;30;57,35;31;-0,21;0,05
Prior & Gollan (2013);3;Shifting;Peer;Task Switching;NV;RT;45;79,36;54;55;130,29;31;-0,10;0,05
Rodriguez-Pujadas et al. (2013);1;Shifting;Peer;Task Switching;NV;RT;420;70;18;387;49;18;0,53;0,12
Rutkoski-Rodrigues (2013);1;Attention;Other;Flanker Alerting;NV;RT;40,37;27,6;20;44,25;26;20;-0,14;0,10
Rutkoski-Rodrigues (2013);1;Attention;Other;Flanker;NV;RT;62,74;28,53;20;67,32;28,33;20;-0,16;0,10
Rutkoski-Rodrigues (2013);1;Inhibition;Other;Flanker;NV;RT;135;72,48;20;103;47,3;20;0,51;0,10
Rutkoski-Rodrigues (2013);1;Inhibition;Other;Simon;NV;RT;-69,18;55,81;20;-37,67;64,29;20;-0,51;0,10
Rutkoski-Rodrigues (2013);1;Monitoring;Other;Flanker;NV;RT;624,64;57,24;20;587,27;87,67;20;0,49;0,10
Rutkoski-Rodrigues (2013);1;Monitoring;Other;Simon;NV;RT;570,67;105,47;20;517,44;130,55;20;0,44;0,10
Rutkoski-Rodrigues (2013);2;Inhibition;Other;Simon;NV;RT;-38,03;59,48;19;-46,42;63,55;19;0,13;0,11
Rutkoski-Rodrigues (2013);2;Monitoring;Other;Simon;NV;RT;524,21;100,95;19;491,33;66,82;19;0,38;0,11
Suarez (2013);1;Fluency;Other;Category Fluency;V;O;49,8;10,1;47;49,5;9;42;0,03;0,05
Suarez (2013);1;Shifting;Other;Trail Making;V;RT;91,4;44,4;47;69,9;29,4;42;0,56;0,05
Suarez (2013);1;Shifting;Other;WCST;V;ACC;14,7;9,1;47;13,4;9,9;42;0,14;0,05
Suarez (2013);1;WM;Other;LNS;V;O;10,1;2,1;47;9;1,9;42;0,55;0,05
Suarez (2013);1;WM;Other;Simple Span;V;O;13,3;3,3;47;10,9;2,7;42;0,79;0,05
Taler et al. (2013);1;Fluency;Peer;Category Fluency;V;O;24,03;6,93;32;24,28;5,82;37;-0,04;0,06
Taler et al. (2013);1;Fluency;Peer;Letter Fluency;V;O;37,37;10,33;32;40,28;13,53;38;-0,24;0,06
Taler et al. (2013);1;Inhibition;Peer;Stroop;V;RT;52,16;12,73;31;53,41;11,59;37;-0,10;0,06
Taler et al. (2013);1;Shifting;Peer;WCST;V;O;4,64;0,68;32;4,19;1,12;38;0,49;0,06
Taler et al. (2013);1;WM;Peer;Simple Span;V;O;19,52;4,43;32;17,94;4,25;38;0,36;0,06
Wierzbicki (2014);1;Attention;Other;Flanker;NV;RT;327,18;107,35;64;320,79;85,74;59;0,07;0,03
Wierzbicki (2014);1;Attention;Other;Flanker;NV;RT;336,78;115,5;64;317,57;85,03;59;0,19;0,03
Wierzbicki (2014);1;Inhibition;Other;Flanker;NV;RT;330,94;112,58;64;324,64;89,89;59;0,06;0,03
Wierzbicki (2014);1;Inhibition;Other;Simon;NV;RT;28,46;50,77;64;23,29;43,85;59;0,11;0,03
Wierzbicki (2014);1;Monitoring;Other;Flanker;NV;RT;324,73;106,33;64;305,19;78,29;59;0,21;0,03
Wierzbicki (2014);1;Monitoring;Other;Simon;NV;RT;450,62;66,95;64;428,37;50,35;59;0,37;0,03
Bak et al. (2014);1;Attention;Peer;TEA Selective;NV;O;9;1,4;19;8,16;2,3;23;0,44;0,10
Bak et al. (2014);1;Shifting;Peer;TEA Shifting;NV;O;9,17;1,5;19;7,53;2,6;23;0,78;0,10
Bak et al. (2014);2;Attention;Peer;TEA Selective;NV;O;9,72;0,5;19;8,16;2,3;18;0,91;0,12
Bak et al. (2014);2;Attention;Peer;TEA Sustained;NV;O;6,83;0,5;19;6,89;0,3;18;-0,14;0,11
Bak et al. (2014);2;Shifting;Peer;TEA Shifting;NV;O;9;1,8;19;7,53;2,6;18;0,64;0,11
Bak et al. (2014);3;Attention;Peer;TEA Selective;NV;O;8,89;1,07;19;7,94;1,32;19;0,77;0,11
Bak et al. (2014);3;Shifting;Peer;TEA Shifting;NV;O;8,16;1,6;19;7,37;1,42;19;0,51;0,11
Bialystok et al. (2014);1;Inhibition;Peer;Stroop;V;RT;106;29,1;27;112,3;20,2;44;-0,26;0,06
Bialystok et al. (2014);2;Inhibition;Peer;Stroop;V;RT;143,6;32,4;25;129;30;34;0,46;0,07
Blumenfeld & Adams (2014);1;WM;Peer;Simple Span BW;V;O;16,9;3,8;27;17,5;4,7;27;-0,14;0,07
Blumenfeld & Marian (2014);1;Fluency;Peer;Category Fluency;V;O;16,4;3;30;16,7;4,5;30;-0,08;0,07
Blumenfeld & Marian (2014);1;Fluency;Peer;Letter Fluency;V;O;13,3;2,7;30;13,9;3,4;30;-0,19;0,07
Blumenfeld & Marian (2014);1;Inhibition;Peer;Stroop;NV;RT;93,6;31,7;30;82,7;30,2;30;0,35;0,07
Blumenfeld & Marian (2014);1;Inhibition;Peer;Stroop;NV;RT;91,7;30,6;30;91,7;28,9;30;0,00;0,07
Blumenfeld & Marian (2014);1;WM;Peer;Simple Span;V;O;17,6;2,5;30;17,5;2,1;30;0,04;0,07
Blumenfeld & Marian (2014);2;Fluency;Peer;Category Fluency;V;O;14,2;3,4;60;15,6;2,8;60;-0,45;0,03
Blumenfeld & Marian (2014);2;Fluency;Peer;Letter Fluency;V;O;12,6;3,3;60;14;3,4;60;-0,42;0,03
Blumenfeld & Marian (2014);2;Inhibition;Peer;Stroop;NV;RT;84,3;32,2;60;86,2;33,6;60;-0,06;0,03
Blumenfeld & Marian (2014);2;Inhibition;Peer;Stroop;NV;RT;79,5;29,7;60;88,6;39,1;60;-0,26;0,03
Blumenfeld & Marian (2014);2;Monitoring;Peer;Stroop;NV;RT;503,8;135,55;60;492,3;55;60;0,11;0,03
Blumenfeld & Marian (2014);2;WM;Peer;Simple Span BW;V;O;16,6;3,9;60;18;4,2;60;-0,34;0,03
Coderre & van Heuven (2014a);1;Inhibition;Peer;Simon;NV;RT;26;15,3;18;23,6;13,3;19;0,16;0,11
Coderre & van Heuven (2014a);1;Inhibition;Peer;Stroop;V;RT;72,1;29,5;18;51,2;47,2;19;0,52;0,11
Coderre & van Heuven (2014a);1;Monitoring;Peer;Simon;NV;RT;442,2;48,1;18;430;38,2;19;0,28;0,11
Coderre & van Heuven (2014a);1;Monitoring;Peer;Stroop;V;RT;611,3;83,7;18;603,6;99,3;19;0,08;0,11
Coderre & van Heuven (2014a);2;Inhibition;Peer;Simon;NV;RT;26;15,3;18;28,7;17,8;22;-0,16;0,10
Coderre & van Heuven (2014a);2;Inhibition;Peer;Stroop;V;RT;72,1;29,5;18;53;28,8;22;0,64;0,11
Coderre & van Heuven (2014a);2;Monitoring;Peer;Simon;NV;RT;442,2;48,1;18;430,2;42,3;22;0,26;0,11
Coderre & van Heuven (2014a);2;Monitoring;Peer;Stroop;V;RT;611,3;83,7;18;585;74,1;22;0,33;0,10
Coderre & van Heuven (2014a);3;Inhibition;Peer;Simon;NV;RT;26;15,3;18;25,9;17,4;17;0,01;0,11
Coderre & van Heuven (2014a);3;Inhibition;Peer;Stroop;V;RT;72,1;29,5;18;25,1;30,5;17;1,53;0,15
Coderre & van Heuven (2014a);3;Monitoring;Peer;Simon;NV;RT;442,2;48,1;18;457,4;37,3;17;-0,34;0,12
Coderre & van Heuven (2014a);3;Monitoring;Peer;Stroop;V;RT;611,3;83,7;18;633;68,9;17;-0,28;0,12
Coderre & van Heuven (2014b);1;Inhibition;Peer;Stroop;V;RT;70,5;59;28;54,96;54,7;25;0,27;0,08
Coderre & van Heuven (2014b);1;Monitoring;Peer;Stroop;V;RT;615,3;89,1;28;558,6;88,2;25;0,63;0,08
Heidlmayr et al. (2014);1;Inhibition;Peer;Stroop;V;RT;62,1;41,74;31;43,3;26,95;33;0,53;0,06
Heidlmayr et al. (2014);1;Monitoring;Peer;Stroop;V;RT;618,9;106,5;31;632,5;76,2;33;-0,15;0,06
Kirk et al. (2014);1;Inhibition;Peer;Simon;NV;RT;85,4;85,4;16;90,3;104;16;-0,05;0,13
Kirk et al. (2014);1;Monitoring;Peer;Simon;NV;RT;650,99;95,06;16;639,35;132,5;16;0,10;0,13
Kirk et al. (2014);2;Inhibition;Peer;Simon;NV;RT;85,4;85,4;16;94,9;55;16;-0,13;0,13
Kirk et al. (2014);2;Monitoring;Peer;Simon;NV;RT;650,99;95,06;16;761,59;203,01;16;-0,68;0,13
Kirk et al. (2014);3;Inhibition;Peer;Simon;NV;RT;85,4;85,4;16;81,6;51,7;16;0,05;0,13
Kirk et al. (2014);3;Monitoring;Peer;Simon;NV;RT;650,99;95,06;16;655,69;180,3;16;-0,03;0,13
Kousaie et al. (2014);1;Attention;Peer;SART;V;ACC;3,45;2,38;30;4,88;4,39;51;-0,37;0,05
Kousaie et al. (2014);1;Attention;Peer;SART;V;ACC;4,58;3,38;40;4,88;4,39;51;-0,07;0,04
Kousaie et al. (2014);1;Fluency;Peer;Category Fluency;V;O;23,96;5,77;40;25,02;5,9;51;-0,18;0,04
Kousaie et al. (2014);1;Fluency;Peer;Category Fluency;V;O;23,96;5,77;30;23;5,07;51;0,17;0,05
Kousaie et al. (2014);1;Fluency;Peer;Letter Fluency;V;O;37,24;10,26;40;39,95;12,83;51;-0,23;0,04
Kousaie et al. (2014);1;Fluency;Peer;Letter Fluency;V;O;37,24;10,26;30;38,27;8,26;51;-0,11;0,05
Kousaie et al. (2014);1;Inhibition;Peer;Stroop;NV;RT;523,29;53,75;29;549,93;71,09;50;-0,40;0,06
Kousaie et al. (2014);1;Inhibition;Peer;Stroop;NV;RT;564,59;97,02;40;549,93;71,09;50;0,17;0,05
Kousaie et al. (2014);1;Inhibition;Peer;Stroop;V;ACC;25,67;7;39;22,39;9,53;48;0,38;0,05
Kousaie et al. (2014);1;Inhibition;Peer;Stroop;V;ACC;38,1;11,86;30;22,39;9,53;48;1,48;0,07
Kousaie et al. (2014);1;Monitoring;Peer;Stroop;NV;RT;400,09;62,76;40;396,64;50,93;50;0,06;0,05
Kousaie et al. (2014);1;Monitoring;Peer;Stroop;NV;RT;425,3;103,18;29;396,64;50,93;50;0,38;0,06
Kousaie et al. (2014);1;Monitoring;Peer;Stroop;V;ACC;76,39;11,24;39;78,85;14,02;48;-0,19;0,05
Kousaie et al. (2014);1;Monitoring;Peer;Stroop;V;ACC;76,39;11,24;30;86,77;14,37;48;-0,82;0,06
Kousaie et al. (2014);1;Shifting;Peer;WCST;V;O;4,47;1,12;40;4,4;0,78;51;0,07;0,04
Kousaie et al. (2014);1;Shifting;Peer;WVST;V;O;4,47;1,12;30;4,7;0,47;51;-0,24;0,05
Kousaie et al. (2014);1;WM;Peer;Simple Span BW;V;O;7,8;2,49;40;6,98;2,07;51;0,35;0,04
Kousaie et al. (2014);1;WM;Peer;Simple Span BW;V;O;7,8;2,49;30;8,4;2,66;51;-0,23;0,05
Kousaie et al. (2014);1;WM;Peer;Simple Span FW;V;O;11,41;2,37;40;10,98;1,99;51;0,19;0,04
Kousaie et al. (2014);1;WM;Peer;Simple Span FW;V;O;11,41;2,37;30;12,2;2,19;51;-0,34;0,05
Kousaie et al. (2014);2;Attention;Peer;SART;V;ACC;1,1;1,5;30;1,8;1,83;36;-0,41;0,06
Kousaie et al. (2014);2;Attention;Peer;SART;V;ACC;2,03;1,89;31;1,8;1,83;36;0,12;0,06
Kousaie et al. (2014);2;Fluency;Peer;Category Fluency;V;O;19,17;6,41;31;20,68;4,58;36;-0,26;0,06
Kousaie et al. (2014);2;Fluency;Peer;Category Fluency;V;O;19,17;6,41;30;18,27;4,62;36;0,16;0,06
Kousaie et al. (2014);2;Fluency;Peer;Letter Fluency;V;O;37;13,26;31;44,1;10;36;-0,59;0,06
Kousaie et al. (2014);2;Fluency;Peer;Letter Fluency;V;O;37;13,26;30;36,36;10,13;36;0,05;0,06
Kousaie et al. (2014);2;Inhibition;Peer;Stroop;NV;RT;822,96;162,23;30;817,18;156,48;33;0,04;0,06
Kousaie et al. (2014);2;Inhibition;Peer;Stroop;NV;RT;800,91;201,05;29;817,18;156,48;33;-0,09;0,06
Kousaie et al. (2014);2;Inhibition;Peer;Stroop;V;ACC;30,1;8,89;31;23,22;9,6;36;0,73;0,06
Kousaie et al. (2014);2;Inhibition;Peer;Stroop;V;ACC;40,7;12,05;30;23,22;9,6;36;1,60;0,08
Kousaie et al. (2014);2;Monitoring;Peer;Stroop;NV;RT;622,55;130,77;30;634,2;127,07;33;-0,09;0,06
Kousaie et al. (2014);2;Monitoring;Peer;Stroop;NV;RT;611,43;152,17;29;634,2;127,07;33;-0,16;0,07
Kousaie et al. (2014);2;Monitoring;Peer;Stroop;V;ACC;59,94;12,57;31;64,87;11,73;36;-0,40;0,06
Kousaie et al. (2014);2;Monitoring;Peer;Stroop;V;ACC;59,94;12,57;30;73,1;14,07;36;-0,98;0,07
Kousaie et al. (2014);2;Shifting;Peer;WCST;V;O;3,5;1,21;31;3,5;1,22;36;0,00;0,06
Kousaie et al. (2014);2;Shifting;Peer;WCST;V;O;3,5;1,21;30;4,07;0,69;36;-0,56;0,06
Kousaie et al. (2014);2;WM;Peer;Simple Span BW;V;O;7,06;2,19;31;7,87;2,05;36;-0,38;0,06
Kousaie et al. (2014);2;WM;Peer;Simple Span BW;V;O;7,06;2,19;31;7,07;2,03;36;0,00;0,06
Kousaie et al. (2014);2;WM;Peer;Simple Span FW;V;O;10,28;1,91;31;11,19;1,72;36;-0,49;0,06
Kousaie et al. (2014);2;WM;Peer;Simple Span FW;V;O;10,28;1,91;31;10,47;2,4;36;-0,09;0,06
Limberger (2014);1;Attention;Other;Flanker;NV;RT;12;13;19;13;15;20;-0,07;0,10
Limberger (2014);1;Attention;Other;Flanker Alerting;NV;RT;21;9;19;20;18;20;0,07;0,10
Limberger (2014);1;Inhibition;Other;Flanker;NV;RT;47;23;19;49;17;20;-0,10;0,10
Limberger (2014);1;Monitoring;Other;Flanker;NV;RT;620;101;19;565;58;20;0,66;0,11
Limberger (2014);1;WM;Other;Complex Span;V;O;29,6;25,3;19;30,9;28,9;20;-0,05;0,10
Limberger (2014);2;Attention;Other;Flanker;NV;RT;12;13;19;14;18;20;-0,12;0,10
Limberger (2014);2;Attention;Other;Flanker Alerting;NV;RT;21;9;19;15;20;20;0,38;0,10
Limberger (2014);2;Inhibition;Other;Flanker;NV;RT;47;23;19;44;25;20;0,12;0,10
Limberger (2014);2;Monitoring;Other;Flanker;NV;RT;620;101;19;528;67;20;1,06;0,12
Limberger (2014);2;WM;Other;Complex Span;V;O;33,1;26,9;19;30,9;28,9;20;0,08;0,10
Marian et al. (2014);1;Inhibition;Peer;Simon;NV;RT;38,1;28,8;18;33,3;23,9;17;0,18;0,11
Marian et al. (2014);1;WM;Peer;Simple Span;V;O;15,59;2,67;18;17,67;1,91;17;-0,88;0,13
Moreno et al. (2014);1;Inhibition;Peer;GoNogo;NV;ACC;95,6;5,42;13;92,4;6,85;15;0,51;0,15
Moreno et al. (2014);1;Inhibition;Peer;GoNogo;NV;ACC;95,6;5,42;15;92,3;5,03;15;0,61;0,14
Morini (2014);1;Inhibition;Other;Flanker;NV;RT;106,6;34,7;32;88,3;21;28;0,62;0,07
Morini (2014);1;Monitoring;Other;Flanker;NV;RT;565,8;81,9;32;558,3;65,5;28;0,10;0,07
Morini (2014);1;WM;Other;Simple Span BW;V;O;4,9;1,3;32;4,9;0,91;32;0,00;0,06
Morini (2014);1;WM;Other;Simple Span FW;V;O;7,2;1,7;32;7,3;1,3;32;-0,07;0,06
Morini (2014);2;Inhibition;Other;Flanker;NV;RT;102,3;25,4;29;89,8;25,6;29;0,48;0,07
Morini (2014);2;Monitoring;Other;Flanker;NV;RT;530,2;57,1;29;529;60;29;0,02;0,07
Morini (2014);2;WM;Other;Simple Span BW;V;O;4,8;1,5;32;4,7;1,5;32;0,07;0,06
Morini (2014);2;WM;Other;Simple Span FW;V;O;7,3;1,5;32;6,9;1,4;32;0,27;0,06
Oschwald (2014);1;Monitoring;Other;Task Switching;NV;RT;469,6;158,4;25;388,2;198,9;26;0,44;0,08
Oschwald (2014);1;Monitoring;Other;Task Switching;V;RT;254,8;202,2;25;224,7;210,8;26;0,14;0,08
Oschwald (2014);1;Shifting;Other;Task Switching;V;RT;347,1;214,7;25;336,3;205;26;0,05;0,08
Oschwald (2014);1;Shifting;Other;Task Switching;NV;RT;399,8;284,3;25;292,9;168,2;26;0,45;0,08
Oschwald (2014);2;Monitoring;Other;Task Switching;NV;RT;469,6;158,4;25;376,5;207,8;33;0,49;0,07
Oschwald (2014);2;Monitoring;Other;Task Switching;V;RT;254,8;202,2;25;211,6;183,2;33;0,22;0,07
Oschwald (2014);2;Shifting;Other;Task Switching;V;RT;347,1;214,7;25;324,7;175,7;33;0,11;0,07
Oschwald (2014);2;Shifting;Other;Task Switching;NV;RT;399,8;284,3;25;375,4;211,8;33;0,10;0,07
Oschwald (2014);3;Monitoring;Other;Task Switching;NV;RT;469,6;158,4;25;417,5;214,7;25;0,27;0,08
Oschwald (2014);3;Monitoring;Other;Task Switching;V;RT;254,8;202,2;25;206,1;206,4;25;0,23;0,08
Oschwald (2014);3;Shifting;Other;Task Switching;V;RT;347,1;214,7;25;284,3;153,7;25;0,33;0,08
Oschwald (2014);3;Shifting;Other;Task Switching;NV;RT;399,8;284,3;25;293,9;186,1;25;0,43;0,08
Paap & Sawi (2014);1;Inhibition;Peer;Antisaccade;V;RT;41;85,91;61;34;127,22;56;0,06;0,03
Paap & Sawi (2014);1;Inhibition;Peer;Flanker;NV;RT;89;27,24;62;81;29,24;58;0,28;0,03
Paap & Sawi (2014);1;Inhibition;Peer;Simon;V;RT;28;27,56;62;41;28,86;58;-0,46;0,03
Paap & Sawi (2014);1;Monitoring;Peer;Flanker;NV;RT;558;75,51;62;537;73,87;58;0,28;0,03
Paap & Sawi (2014);1;Monitoring;Peer;Simon;V;RT;463;42,6;62;490;62,53;58;-0,50;0,03
Paap & Sawi (2014);1;Monitoring;Peer;TaskSwitching;V;RT;212;221,18;62;294;316,13;58;-0,30;0,03
Paap & Sawi (2014);1;Shifting;Peer;TaskSwitching;V;RT;212;148,82;62;200;138,68;58;0,08;0,03
Pelham (2014);1;Inhibition;Other;Flanker;NV;RT;720,4;42,5;30;709,5;57,5;30;0,21;0,07
Pelham (2014);1;Monitoring;Other;Flanker;NV;RT;672,2;38,57;30;627,67;52,71;30;0,95;0,07
Pelham (2014);1;WM;Other;Simple Span BW;V;O;5,2;1,4;30;5,2;1,4;30;0,00;0,07
Pelham (2014);1;WM;Other;Simple Span FW;V;O;7,1;1,1;30;7,9;1,4;30;-0,63;0,07
Pelham (2014);2;WM;Other;Simple Span BW;V;O;4,9;1,5;30;4,8;1,4;30;0,07;0,07
Pelham (2014);2;WM;Other;Simple Span FW;V;O;6,6;1,4;30;7,1;1,4;30;-0,35;0,07
Pelham (2014);3;WM;Other;Simple Span BW;V;O;4,7;1,4;30;4,7;1;30;0,00;0,07
Pelham (2014);3;WM;Other;Simple Span FW;V;O;6,7;1,3;30;7,2;1,4;30;-0,37;0,07
Pelham & Abrams (2014);1;Inhibition;Peer;ANT Flanker;NV;RT;122,8;59,2;30;92,5;41,3;30;0,59;0,07
Pelham & Abrams (2014);1;WM;Peer;Simple Span BW;V;O;7,9;2,2;30;7,2;2;30;0,33;0,07
Pelham & Abrams (2014);1;WM;Peer;Simple Span FW;V;O;9,3;2,5;30;9,4;2;30;-0,04;0,07
Pelham & Abrams (2014);2;Inhibition;Peer;ANT Flanker;NV;RT;122,8;59,2;30;85,9;39,1;30;0,73;0,07
Pelham & Abrams (2014);2;WM;Peer;Simple Span BW;V;O;7,3;2;30;7,2;2;30;0,05;0,07
Pelham & Abrams (2014);2;WM;Peer;Simple Span FW;V;O;9,3;2,1;30;9,4;2;30;-0,05;0,07
Rabkina (2014);1;Inhibition;Other;Stroop;V;RT;87;44;6;104;37;6;-0,39;0,34
Rabkina (2014);1;Monitoring;Other;Stroop;V;RT;707;86;6;723;118;6;-0,14;0,33
Rietbergen (2014);1;Inhibition;Other;Flanker;NV;RT;111,4;148,27;30;112,21;50,99;26;-0,01;0,07
Rietbergen (2014);1;Monitoring;Other;Flanker;NV;RT;714,47;136,56;30;618,31;68,76;26;0,86;0,08
Ryskin et al. (2014);1;Inhibition;Peer;Stroop;V;RT;0,23;0,13;32;0,17;0,2;32;0,35;0,06
Ryskin et al. (2014);1;WM;Peer;Complex Span;V;O;10;1,47;32;10,06;2,18;32;-0,03;0,06
Ryskin et al. (2014);1;WM;Peer;Complex Span;V;O;7,08;1,24;32;7,45;1,34;32;-0,28;0,06
Ryskin et al. (2014);1;WM;Peer;Complex Span;V;O;7,44;1,39;32;8,11;1,02;32;-0,54;0,06
Ryskin et al. (2014);1;WM;Peer;LNS;V;O;7,59;1,39;32;8,04;1,41;32;-0,32;0,06
Ryskin et al. (2014);2;Attention;Peer;Flanker Alerting;NV;RT;37,79;49,19;21;30,94;58,43;20;0,12;0,10
Ryskin et al. (2014);2;Attention;Peer;Flanker;NV;RT;43,06;29,4;21;45,06;23,26;20;-0,07;0,10
Ryskin et al. (2014);2;Inhibition;Peer;Flanker;NV;RT;136,06;44,27;21;180;136,9;20;-0,43;0,10
Ryskin et al. (2014);2;Monitoring;Peer;Flanker;NV;RT;548,33;48,25;21;584,47;83,53;20;-0,52;0,10
Ryskin et al. (2014);3;Inhibition;Peer;Stroop;V;RT;151,39;246,27;20;119,8;159,93;19;0,15;0,10
Teubner-Rhodes (2014);1;Inhibition;Other;Stroop;V;RT;52,95;30,79;33;70,25;41,3;33;-0,47;0,06
Yamasaki & Prat (2014);1;Inhibition;Peer;Stroop;V;RT;73,41;41,71;83;77,37;40,25;50;-0,10;0,03
Yamasaki & Prat (2014);1;WM;Peer;Complex Span;V;O;61,06;9,97;83;56,36;14,82;50;0,35;0,03
Yoo (2014);1;WM;Other;Complex Span;V;ACC;0,57;0,11;45;0,6;0,1;40;-0,28;0,05
Yoo (2014);1;WM;Other;N-back;NV;ACC;-0,23;0,11;47;-0,17;0,09;41;-0,60;0,05
Zavaleta (2014);1;Monitoring;Other;Task Switching;NV;RT;174,71;99,2;6;238,45;119,93;7;-0,53;0,32
Zavaleta (2014);1;Shifting;Other;Task Switching;NV;RT;152,2;88,33;6;184,03;96,67;7;-0,32;0,31
Zavaleta (2014);2;Monitoring;Other;Task Switching;NV;RT;174,71;99,2;6;173,93;91,42;26;0,01;0,21
Zavaleta (2014);2;Shifting;Other;Task Switching;NV;RT;152,2;88,33;6;145,62;90,13;26;0,07;0,21
Zavaleta (2014);3;Shifting;Other;Task Switching;NV;RT;166,46;100,23;20;180,45;84,89;22;-0,15;0,10
Zavaleta (2014);4;Shifting;Other;Task Switching;NV;RT;166,46;100,23;20;170,8;68,6;42;-0,05;0,07
Zavaleta (2014);5;Inhibition;Other;Flanker;NV;RT;342,85;153,81;26;367,29;124,62;29;-0,17;0,07
Zavaleta (2014);5;Monitoring;Other;Flanker;NV;RT;741,65;330,08;26;742,42;296,17;29;0,00;0,07
Zavaleta (2014);5;WM;Other;LNS;V;ACC;48,22;12,37;26;44,7;13,37;29;0,27;0,07
Zavaleta (2014);6;Inhibition;Other;Flanker;NV;RT;342,85;153,81;26;301,45;134,57;68;0,29;0,05
Zavaleta (2014);6;Monitoring;Other;Flanker;NV;RT;741,65;330,08;26;781,02;348,66;68;-0,11;0,05
Zavaleta (2014);6;WM;Other;LNS;V;ACC;48,85;10,45;26;44,7;13,37;68;0,36;0,05
Abutalebi et al. (2015);1;Monitoring;Peer;Flanker;NV;RT;740;20,55;19;670;20,55;19;3,33;0,27
Abutalebi et al. (2015);1;Inhibition;Peer;Flanker;NV;RT;800;23,33;19;722;23,33;19;3,27;0,26
Ansaldo et al. (2015);1;Fluency;Peer;Category Fluency;V;O;49,3;10,1;10;43,7;7,5;10;0,60;0,21
Ansaldo et al. (2015);1;Shifting;Peer;Trail Making;V;RT;42,4;15,4;10;35,9;12,7;10;0,44;0,21
Ansaldo et al. (2015);1;WM;Peer;Simple Span;V;O;16,3;3,6;10;15,8;2,3;10;0,16;0,20
Bice & Kroll (2015);1;Inhibition;Peer;Flanker;NV;RT;41,3;19;25;59;48,3;23;-0,48;0,09
Bice & Kroll (2015);1;Monitoring;Peer;Flanker;NV;RT;398,1;189,9;25;415,8;192,1;23;-0,09;0,08
Bice & Kroll (2015);1;WM;Peer;ComplexSpan;V;O;41;14;25;44,5;9,3;23;-0,29;0,08
Bice & Kroll (2015);2;Inhibition;Peer;Flanker;NV;RT;41,3;19;25;44,7;8;21;-0,22;0,09
Bice & Kroll (2015);2;Monitoring;Peer;Flanker;NV;RT;398,1;189,9;25;383,2;195,9;21;0,08;0,09
Bice & Kroll (2015);2;WM;Peer;Complex Span;V;O;48,5;8;25;44,5;9,3;21;0,45;0,09
Bogulski et al. (2015);1;Fluency;Peer;Category Fluency;V;O;38,7;8,2;27;37;8,8;23;0,20;0,08
Bogulski et al. (2015);1;Fluency;Peer;Letter Fluency;V;O;24,2;6,6;27;23,3;6,8;23;0,13;0,08
Bogulski et al. (2015);1;Inhibition;Peer;Flanker;NV;RT;539;72;27;522;67;23;0,24;0,08
Bogulski et al. (2015);1;Monitoring;Peer;Flanker;NV;RT;394;62;27;384;58;23;0,16;0,08
Bogulski et al. (2015);2;Fluency;Peer;Category Fluency;V;O;39,4;7,6;27;37;8,8;30;0,29;0,07
Bogulski et al. (2015);2;Fluency;Peer;Letter Fluency;V;O;26,7;9,3;27;23,3;6,8;30;0,41;0,07
Bogulski et al. (2015);2;Inhibition;Peer;Flanker;NV;RT;539;72;27;523;69;30;0,22;0,07
Bogulski et al. (2015);2;Monitoring;Peer;Flanker;NV;RT;394;62;27;374;49;30;0,36;0,07
Brown (2015);1;Monitoring;Other;Task Switching;V;RT;1765,47;303,64;40;1950,1;309,01;31;-0,60;0,06
Cates (2015);1;Fluency;Other;Letter Fluency;V;O;20,31;5,19;216;26,32;8,01;48;-0,79;0,03
Cates (2015);1;WM;Other;Complex Span;V;O;37,11;18,47;215;38,14;8,36;47;-0,09;0,03
Cates (2015);1;WM;Other;LNS;V;O;19,08;7,61;216;73,67;13,1;48;-4,43;0,06
Chabal et al. (2015);1;Inhibition;Peer;Simon;NV;RT;23,2;18,7;17;18,5;17,3;21;0,26;0,11
Costumero et al. (2015);1;Inhibition;Peer;GoNogo;NV;ACC;55,07;14;20;50,62;17,06;21;0,28;0,10
de Bruin et al. (2015);1;Monitoring;Peer;Task Switching;NV;RT;344,71;174,14;24;430,81;306,02;28;-0,33;0,08
de Bruin et al. (2015);1;Monitoring;Peer;Task Switching;NV;RT;1137,98;432,29;24;1119,58;463,6;28;0,04;0,08
de Bruin et al. (2015);1;Shifting;Peer;Task Switching;NV;RT;129,83;143,96;24;34,19;129,24;28;0,69;0,08
de Bruin et al. (2015);2;Monitoring;Peer;Task Switching;NV;RT;344,71;174,14;24;451,13;226,73;24;-0,52;0,09
de Bruin et al. (2015);2;Monitoring;Peer;Task Switching;NV;RT;1137,98;432,29;24;1186,68;487,44;24;-0,10;0,08
de Bruin et al. (2015);2;Shifting;Peer;Task Switching;NV;RT;129,83;143,96;24;99,79;124,33;24;0,22;0,08
de Leeuw & Bogulski (2015);1;Inhibition;Other;Flanker;NV;RT;65,8;29,3;10;75;30,4;28;-0,30;0,14
Friesen et al. (2015);1;Fluency;Peer;Category Fluency;V;ACC;15,3;4;20;11,8;3,5;20;0,91;0,11
Friesen et al. (2015);1;Fluency;Peer;Letter Fluency;V;ACC;19;5,7;20;19,9;4,6;20;-0,17;0,10
Friesen et al. (2015);2;Fluency;Peer;Category Fluency;V;ACC;14,7;4,6;20;12,9;3,5;21;0,43;0,10
Friesen et al. (2015);2;Fluency;Peer;Letter Fluency;V;ACC;17,9;3,5;20;17;3;21;0,27;0,10
Greene (2015);1;Monitoring;Other;Task Switching;NV;RT;467,6;95,3;86;515,7;94,9;86;-0,50;0,02
Greene (2015);1;Shifting;Other;Task Switching;NV;RT;40,5;54,4;86;47,8;66,1;86;-0,12;0,02
Guido Mendes (2015);1;Attention;Other;Flanker Alerting;NV;RT;26,8;30,5;38;21;28,7;77;0,20;0,04
Guido Mendes (2015);1;Attention;Other;Flanker;NV;RT;43,4;31,3;38;41,9;31,2;77;0,05;0,04
Guido Mendes (2015);1;Inhibition;Other;Flanker;NV;RT;99;25;38;94;30;77;0,17;0,04
Guido Mendes (2015);1;Inhibition;Other;Simon;NV;RT;33;38;38;28;35;77;0,14;0,04
Guido Mendes (2015);1;Monitoring;Other;Flanker;NV;RT;522,7;52,7;38;540,77;68,3;77;-0,28;0,04
Guido Mendes (2015);1;Monitoring;Other;Simon;NV;RT;;;38;;;77;0,13;0,04
Hamlet (2015);1;Shifting;Other;Trail Making;V;RT;9,6;2,96;70;9,41;2,97;61;0,06;0,03
Heidlmayr et al. (2015);1;Inhibition;Peer;Stroop;V;RT;681;114,2;22;675,7;81,5;22;0,05;0,09
Heidlmayr et al. (2015);1;Monitoring;Peer;Stroop;V;RT;635;92;22;622;95;22;0,14;0,09
Houtzager et al. (2015);1;Monitoring;Peer;Task Switching;NV;RT;151;120;25;154;109;25;-0,03;0,08
Houtzager et al. (2015);1;Shifting;Peer;Task Switching;NV;RT;113;68;25;100;70;25;0,19;0,08
Houtzager et al. (2015);1;WM;Peer;Simple Span FW;NV;O;6,3;1,1;25;6,4;1,3;25;-0,08;0,08
Houtzager et al. (2015);2;Monitoring;Peer;Task Switching;NV;RT;401;170;25;327;194;25;0,40;0,08
Houtzager et al. (2015);2;Monitoring;Peer;Task Switching;NV;RT;1047;205;25;951;205;25;0,46;0,08
Houtzager et al. (2015);2;Shifting;Peer;Task Switching;NV;RT;225;111;25;147;98;25;0,73;0,09
Houtzager et al. (2015);2;WM;Peer;Simple Span FW;NV;O;5,8;1,1;25;5,6;0,7;25;0,21;0,08
Incera & McLennan (2015);1;Inhibition;Peer;Stroop;V;RT;231;21;20;219;145;20;0,11;0,10
Incera & McLennan (2015);1;Monitoring;Peer;Stroop;V;RT;1223;247;20;1170;276;20;0,20;0,10
Incera & McLennan (2015);2;Inhibition;Peer;Stroop;V;RT;231;21;20;220;129;20;0,12;0,10
Incera & McLennan (2015);2;Monitoring;Peer;Stroop;V;RT;1223;247;20;1187;260;20;0,14;0,10
Kazemeini & Fadardi (2015);1;Inhibition;Peer;Stroop;V;RT;135,56;80,39;30;100,73;47,29;30;0,52;0,07
Kazemeini & Fadardi (2015);1;Monitoring;Peer;Stroop;V;RT;802,4;173,24;30;750,43;100,06;30;0,36;0,07
Kazemeini & Fadardi (2015);1;WM;Peer;Simple Span BW;V;O;5,13;0,81;30;4,6;0,67;30;0,70;0,07
Kramer & Mota (2015);1;Inhibition;Peer;Simon;NV;RT;51,85;28,87;10;29,87;59,15;10;0,45;0,21
Kramer & Mota (2015);1;Monitoring;Peer;Simon;NV;RT;452,66;72,32;10;450,07;40,02;10;0,04;0,20
Kramer & Mota (2015);1;WM;Peer;LNS;V;O;28,7;5,6;10;25,8;10,3;10;0,34;0,20
Kramer & Mota (2015);2;Inhibition;Peer;Simon;NV;RT;28,87;55,74;14;33,19;54,37;14;-0,08;0,14
Kramer & Mota (2015);2;Monitoring;Peer;Simon;NV;RT;525,64;78,59;14;524,35;74,15;14;0,02;0,14
Kramer & Mota (2015);2;WM;Peer;LNS;V;O;22,4;5;14;18,9;9,6;14;0,44;0,15
Kramer & Mota (2015);3;Inhibition;Peer;Simon;NV;RT;100,49;76,61;14;58,03;145,46;14;0,35;0,15
Kramer & Mota (2015);3;Monitoring;Peer;Simon;NV;RT;650,56;123,72;14;726,69;233,56;14;-0,40;0,15
Kramer & Mota (2015);3;WM;Peer;LNS;V;O;11;8,3;14;8,5;7;14;0,32;0,14
Kramer & Mota (2015);4;Inhibition;Peer;Simon;NV;RT;40,18;81,64;14;-4,18;48,88;14;0,64;0,15
Kramer & Mota (2015);4;Monitoring;Peer;Simon;NV;RT;486,8;103,1;14;433,1;83,7;14;0,56;0,15
Kramer & Mota (2015);4;WM;Peer;LNS;V;O;32,14;8,8;14;27,93;8,9;14;0,46;0,15
Lourtie & Coen (2015);1;Inhibition;Other;GoNogo;NV;ACC;0,99;0,02;18;0,99;0,02;19;0,00;0,11
Lourtie & Coen (2015);1;Monitoring;Other;Flanker;NV;RT;683,71;18,31;18;666,81;17,83;19;0,92;0,12
Lourtie & Coen (2015);2;Inhibition;Other;GoNogo;NV;ACC;0,99;0,02;18;0,99;0,02;17;0,00;0,11
Lourtie & Coen (2015);2;Monitoring;Other;Flanker;NV;RT;683,71;18,31;18;636,1;18,85;17;2,50;0,21
Moradzadeh et al. (2015);1;Monitoring;Peer;Task Switching;V;RT;467,2;221;36;488,5;203;36;-0,10;0,06
Moradzadeh et al. (2015);1;Shifting;Peer;Task Switching;V;RT;28,2;147;36;29,9;151;36;-0,01;0,06
Moradzadeh et al. (2015);1;WM;Peer;N-back;V;ACC;42,9;13;9;41,5;13;10;0,10;0,21
Moradzadeh et al. (2015);1;WM;Peer;N-back;NV;ACC;20,5;21;9;27,5;18;10;-0,34;0,21
Moradzadeh et al. (2015);2;Monitoring;Peer;Task Switching;V;RT;336,5;191;45;393,6;190;36;-0,30;0,05
Moradzadeh et al. (2015);2;Shifting;Peer;Task Switching;V;RT;99;127;45;80,6;140;36;0,14;0,05
Moradzadeh et al. (2015);2;WM;Peer;N-back;V;ACC;38,3;24;19;45,7;16;10;-0,33;0,15
Moradzadeh et al. (2015);2;WM;Peer;N-back;NV;ACC;20,4;22;19;25,8;18;10;-0,25;0,15
Morales et al. (2015);1;WM;Peer;Complex Span;V;O;4,3;1,2;27;4,4;1,2;25;-0,08;0,08
Olsen et al. (2015);1;Fluency;Peer;Category Fluency;V;O;20,1;3,1;14;18,4;3,3;13;0,51;0,15
Olsen et al. (2015);1;Fluency;Peer;Letter Fluency;V;O;15,4;5,7;14;13,6;4;13;0,36;0,15
Olsen et al. (2015);1;Inhibition;Peer;Stroop;V;RT;37,8;10,2;14;36,4;8,3;13;0,15;0,15
Olsen et al. (2015);1;Shifting;Peer;Trail Making;V;RT;70,9;21,8;14;65,7;22,4;13;0,23;0,15
Ratiu & Azuma  (2015);1;WM;Peer;Complex Span;NV;O;22,44;7,07;53;23,23;6,44;52;-0,12;0,04
Ratiu & Azuma  (2015);1;WM;Peer;Complex Span;V;O;29,87;7,96;53;34,68;6,73;52;-0,79;0,04
Ratiu & Azuma  (2015);1;WM;Peer;Simple Span BW;V;O;35,62;7,37;53;39,47;6,75;52;-0,54;0,04
Rutkoski-Rodrigues & Zimmer (2015);1;Inhibition;Peer;Simon;NV;RT;-54;59,01;39;-41,93;63,14;39;-0,20;0,05
Rutkoski-Rodrigues & Zimmer (2015);1;Monitoring;Peer;Simon;NV;RT;548,04;104,61;39;504,72;103,98;39;0,41;0,05
Sabourin & Vinerte (2015);1;Inhibition;Other;Stroop;V;RT;65,86;67,43;17;62,72;109,72;12;0,04;0,14
Sabourin & Vinerte (2015);1;Monitoring;Other;Stroop;V;RT;774,77;104,87;17;746,06;125,85;12;0,25;0,14
Sabourin & Vinerte (2015);2;Inhibition;Other;Stroop;V;RT;65,86;67,43;17;43,54;42,96;17;0,39;0,12
Sabourin & Vinerte (2015);2;Monitoring;Other;Stroop;V;RT;774,77;104,87;17;785,09;280,02;17;-0,05;0,12
Samuel (2015);1;Inhibition;Other;Simon;NV;RT;21,12;20,93;29;25,98;16,97;26;-0,25;0,07
Samuel (2015);1;Monitoring;Other;Simon;NV;RT;420,24;83,01;29;402,35;51,87;26;0,25;0,07
Samuel (2015);2;Fluency;Other;Category Fluency;V;O;16,57;4,74;19;25,68;7,32;23;-1,48;0,12
Samuel (2015);2;Fluency;Other;Letter Fluency;V;O;13,22;4,98;19;15,05;7,35;23;-0,29;0,10
Samuel (2015);2;WM;Other;Simple Span FW;V;O;7,43;1,27;19;7,53;1,07;23;-0,08;0,10
Samuel (2015);3;Inhibition;Other;Simon;NV;RT;39;17,42;19;41,52;24,42;24;-0,11;0,09
Samuel (2015);3;Monitoring;Other;Simon;NV;RT;458,43;41,49;19;487,8;48,58;24;-0,63;0,10
Scaltritti et al. (2015);1;Inhibition;Peer;Flanker;NV;RT;79;4;41;89;6;56;-1,90;0,06
Scaltritti et al. (2015);1;Monitoring;Peer;Flanker;NV;RT;489;56;41;483;83;56;0,08;0,04
Schroeder et al. (2015);1;Inhibition;Peer;Simon;NV;RT;28,68;21;65;14,47;18;43;0,71;0,04
Schroeder et al. (2015);1;Monitoring;Peer;Simon;NV;RT;459,74;76,9;65;473,41;74,25;43;-0,18;0,04
Schroeder et al. (2015);1;WM;Peer;Simple Span FW;V;O;16,12;3;65;17,55;2,46;43;-0,53;0,04
Schroeder et al. (2015);2;Inhibition;Peer;Simon;NV;RT;17,16;18,9;42;16,71;16,71;69;0,03;0,04
Schroeder et al. (2015);2;Monitoring;Peer;Simon;NV;RT;440,5;76,52;42;439,65;64,92;69;0,01;0,04
Schroeder et al. (2015);2;WM;Peer;Simple Span FW;V;O;17,47;2,76;42;17,69;1,54;69;-0,09;0,04
Smithson & Nicoladis (2015);1;WM;Peer;Complex Span;V;O;19,13;4,92;23;19,83;4,04;24;-0,15;0,09
Smithson & Nicoladis (2015);1;WM;Peer;SimpleSpan;NV;O;27,29;7,94;23;30,7;6,24;24;-0,47;0,09
Tao et al. (2015);1;Fluency;Peer;Category Fluency;V;O;20,9;4,6;60;25;12,5;80;-0,46;0,03
Tao et al. (2015);1;Fluency;Peer;Letter Fluency;V;O;39,3;9,3;60;43,5;11,6;80;-0,40;0,03
Tao et al. (2015);1;Inhibition;Peer;Stroop;V;RT;15,2;6,6;60;15,7;6,3;80;-0,08;0,03
Tao et al. (2015);1;Shifting;Peer;Trail Making;V;O;2,5;0,9;60;2,4;0,7;80;0,13;0,03
Tao et al. (2015);2;Fluency;Peer;Category Fluency;V;O;23,6;4,6;60;25;12,5;80;-0,16;0,03
Tao et al. (2015);2;Fluency;Peer;Letter Fluency;V;O;47,9;11,1;60;43,5;11,6;80;0,39;0,03
Tao et al. (2015);2;Inhibition;Peer;Stroop;V;RT;15,2;6,6;60;14,6;6,7;80;0,09;0,03
Tao et al. (2015);2;Shifting;Peer;Trail Making;V;O;2,5;0,9;60;2,5;0,9;80;0,00;0,03
Tran et al. (2015);1;Fluency;Other;Category Fluency;V;O;23,3;6,2;59;24,4;6;56;-0,18;0,03
Tran et al. (2015);1;Fluency;Other;Letter Fluency;V;O;12,3;3,5;59;13,8;4;56;-0,40;0,04
Tran et al. (2015);1;Inhibition;Other;Stroop;V;ACC;24,3;9,8;59;24,8;8,9;56;-0,05;0,03
Tran et al. (2015);1;Shifting;Other;WCST;V;O;4,7;0,6;59;4,5;0,9;56;0,26;0,04
Tran et al. (2015);1;WM;Other;LNS;V;O;11,3;2,4;59;11,4;2;56;-0,05;0,03
Tran et al. (2015);1;WM;Other;Simple Span BW;V;O;7,9;2,2;59;7;2;56;0,43;0,04
Tran et al. (2015);1;WM;Other;Simple Span FW;V;O;10,9;2,4;59;11,1;2,1;56;-0,09;0,03
Tran et al. (2015);2;Fluency;Other;Category Fluency;V;O;19,3;5,7;61;21,2;4,6;45;-0,37;0,04
Tran et al. (2015);2;Fluency;Other;Letter Fluency;V;O;12,4;3,7;61;14,4;3,6;45;-0,55;0,04
Tran et al. (2015);2;Inhibition;Other;Stroop;V;ACC;25,3;10,6;61;32;11,1;45;-0,61;0,04
Tran et al. (2015);2;Shifting;Other;WCST;V;O;3,9;1,1;61;3,6;1,2;45;0,26;0,04
Tran et al. (2015);2;WM;Other;LNS;V;O;9,2;2;61;10,2;2,7;45;-0,41;0,04
Tran et al. (2015);2;WM;Other;Simple Span BW;V;O;7,6;2,6;61;7,5;2,2;45;0,04;0,04
Tran et al. (2015);2;WM;Other;Simple Span FW;V;O;10,2;2,1;61;10,7;1,9;45;-0,25;0,04
Vega-Mendoza et al. (2015);1;Attention;Peer;TEA Selective;NV;O;94,38;11,53;18;80;22,23;16;0,78;0,13
Vega-Mendoza et al. (2015);1;Fluency;Peer;Category Fluency;V;O;69,06;15,63;18;72,72;12,2;16;-0,26;0,12
Vega-Mendoza et al. (2015);1;Fluency;Peer;Letter Fluency;V;O;52,25;11,93;18;49,67;11,09;16;0,22;0,12
Vega-Mendoza et al. (2015);1;Shifting;Peer;TEA Shifting;NV;O;93,13;10,78;18;77,22;22,44;16;0,87;0,13
Vega-Mendoza et al. (2015);2;Attention;Peer;TEA;NV;O;94,71;8,74;18;80;22,23;17;0,84;0,13
Vega-Mendoza et al. (2015);2;Fluency;Peer;Category Fluency;V;O;69,29;11,97;18;72,72;12,2;17;-0,28;0,12
Vega-Mendoza et al. (2015);2;Fluency;Peer;Letter Fluency;V;O;46,35;8,83;18;49,67;11,09;17;-0,32;0,12
Vega-Mendoza et al. (2015);2;Shifting;Peer;TEA;NV;O;82,35;21,95;18;77,22;22,44;17;0,23;0,12
Vega-Mendoza et al. (2015);3;Attention;Peer;TEA Selective;NV;O;81,25;15,19;24;68,75;16,24;32;0,79;0,08
Vega-Mendoza et al. (2015);3;Attention;Peer;TEA Sustained;NV;O;98,66;4,23;24;99,4;2,92;32;-0,20;0,07
Vega-Mendoza et al. (2015);3;Fluency;Peer;Letter Fluency;V;O;18,87;4,66;24;19,13;6,08;32;-0,05;0,07
Vega-Mendoza et al. (2015);3;Fluency;Peer;Category Fluency;V;O;27,06;4,3;24;25,96;6,03;32;0,21;0,07
Vega-Mendoza et al. (2015);3;Shifting;Peer;TEA;NV;O;66,25;17,37;24;63,75;7,7;32;0,17;0,07
Vega-Mendoza et al. (2015);4;Attention;Peer;TEA Selective;NV;O;93,78;15,52;22;83,18;19,85;37;0,61;0,08
Vega-Mendoza et al. (2015);4;Attention;Peer;TEA Sustained;NV;O;99,23;3,27;22;98,7;6,09;37;0,12;0,07
Vega-Mendoza et al. (2015);4;Fluency;Peer;Category Fluency;V;O;28,19;4,5;22;29,64;5,17;37;-0,30;0,07
Vega-Mendoza et al. (2015);4;Fluency;Peer;Letter Fluency;V;O;18,46;4,56;22;22,73;7,29;37;-0,74;0,08
Vega-Mendoza et al. (2015);4;Shifting;Peer;TEA;NV;O;87,84;14,17;22;73,18;22,76;37;0,81;0,08
Vinerte & Sabourin (2015);1;Attention;Other;Flanker Alerting;NV;RT;45,63;22,51;20;43,96;23,62;24;0,07;0,09
Vinerte & Sabourin (2015);1;Attention;Other;Flanker;NV;RT;20,76;0,97;20;22,25;16,93;24;-0,10;0,09
Vinerte & Sabourin (2015);1;Inhibition;Other;Flanker;NV;RT;62,57;33,7;20;54,08;19,14;24;0,31;0,09
Vinerte & Sabourin (2015);2;Attention;Other;Flanker Alerting;NV;RT;20,76;0,97;20;31,76;19,59;21;-0,65;0,10
Vinerte & Sabourin (2015);2;Attention;Other;Flanker;NV;RT;45,63;22,51;20;41,4;22,86;21;0,18;0,10
Vinerte & Sabourin (2015);2;Inhibition;Other;Flanker;NV;RT;62,57;33,7;20;58,5;23,03;21;0,14;0,10
Woumans et al. (2015);1;Attention;Peer;Flanker;NV;RT;38;30;30;59;23;31;-0,78;0,07
Woumans et al. (2015);1;Fluency;Peer;Category Fluency;V;O;16,7;5,6;30;20,2;7,3;31;-0,53;0,07
Woumans et al. (2015);1;Inhibition;Peer;Flanker;NV;RT;93;45;30;81;16;31;0,35;0,07
Woumans et al. (2015);1;Inhibition;Peer;Simon;NV;RT;38;18;30;27;15;31;0,66;0,07
Woumans et al. (2015);1;Monitoring;Peer;Flanker;NV;RT;566;64;30;537;46;31;0,52;0,07
Woumans et al. (2015);1;Monitoring;Peer;Simon;NV;RT;402;64;30;428;48;31;-0,45;0,07
Woumans et al. (2015);2;Attention;Peer;Flanker;NV;RT;38;30;30;48;19;34;-0,40;0,06
Woumans et al. (2015);2;Fluency;Peer;Category Fluency;V;O;17,7;6,1;30;20,2;7,3;34;-0,37;0,06
Woumans et al. (2015);2;Inhibition;Peer;Flanker;NV;RT;93;45;30;88;26;34;0,14;0,06
Woumans et al. (2015);2;Inhibition;Peer;Simon;NV;RT;38;18;30;29;12;34;0,59;0,07
Woumans et al. (2015);2;Monitoring;Peer;Flanker;NV;RT;566;64;30;518;60;34;0,77;0,07
Woumans et al. (2015);2;Monitoring;Peer;Simon;NV;RT;402;64;30;407;54;34;-0,08;0,06
Woumans et al. (2015);3;Attention;Peer;Flanker;NV;RT;38;30;30;65;23;28;-0,99;0,08
Woumans et al. (2015);3;Fluency;Peer;Category Fluency;V;O;18,2;4,4;30;20,2;7,3;28;-0,32;0,07
Woumans et al. (2015);3;Inhibition;Peer;Flanker;NV;RT;93;45;30;91;34;28;0,05;0,07
Woumans et al. (2015);3;Inhibition;Peer;Simon;NV;RT;38;18;30;28;21;28;0,51;0,07
Woumans et al. (2015);3;Monitoring;Peer;Flanker;NV;RT;566;64;30;542;50;28;0,41;0,07
Woumans et al. (2015);3;Monitoring;Peer;Simon;NV;RT;402;64;30;423;38;28;-0,39;0,07
Xie & Dong (2015);1;Inhibition;Peer;Flanker;NV;RT;40,36;40,42;32;46,95;38,1;33;-0,17;0,06
Xie & Dong (2015);1;Inhibition;Peer;Stroop;V;RT;-9,25;70,54;31;-9,44;53,26;32;0,00;0,06
Xie & Dong (2015);1;Monitoring;Peer;Flanker;NV;RT;556,4;92,96;32;549,43;85,75;33;0,08;0,06
Xie & Dong (2015);1;Monitoring;Peer;Stroop;V;RT;709,15;99,75;31;728,48;100,22;32;-0,19;0,06
Xie & Dong (2015);1;Shifting;Peer;WCST;V;O;54,4;15,4;32;36,8;14,6;33;1,16;0,07
Xie & Dong (2015);2;Inhibition;Peer;Flanker;NV;RT;40,36;40,42;32;43,79;22,88;28;-0,10;0,07
Xie & Dong (2015);2;Inhibition;Peer;Stroop;V;RT;-9,25;70,54;31;10,59;42,14;25;-0,33;0,07
Xie & Dong (2015);2;Monitoring;Peer;Flanker;NV;RT;556,4;92,96;32;489,07;51,55;28;0,87;0,07
Xie & Dong (2015);2;Monitoring;Peer;Stroop;V;RT;709,15;99,75;31;661,38;72,33;25;0,53;0,07
Xie & Dong (2015);2;Shifting;Peer;WCST;V;O;54,4;15,4;32;37,7;16,1;30;1,05;0,07
Yang (2015);1;Inhibition;Other;Simon;NV;RT;39,82;29,23;20;30,51;36,41;20;0,28;0,10
Yang (2015);1;Monitoring;Other;Simon;NV;RT;423,94;87,44;20;421,02;65,3;20;0,04;0,10
Yang (2015);1;Shifting;Other;WCST;V;O;12;4,23;20;9,05;2,68;20;0,82;0,11
Yang (2015);1;WM;Other;Simple Span;NV;O;75,35;24,15;20;78,65;21,52;20;-0,14;0,10
Yang (2015);1;WM;Other;Simple Span BW;V;O;8,99;1,1;20;7,97;1,24;20;0,85;0,11
Yang (2015);1;WM;Other;Simple Span BW;V;O;8,5;1,1;20;7,6;1,04;20;0,82;0,11
Yang (2015);1;WM;Other;Simple Span FW;V;O;9;1,16;20;8,6;1,18;20;0,34;0,10
Yang (2015);1;WM;Other;Simple Span FW;V;O;9,6;1,19;20;8,82;1,23;20;0,63;0,11
Yang (2015);2;Inhibition;Other;Simon;NV;RT;39,82;29,23;20;26,22;28,73;20;0,46;0,10
Yang (2015);2;Monitoring;Other;Simon;NV;RT;423,94;87,44;20;395,71;34,74;20;0,42;0,10
Yang (2015);2;Shifting;Other;WCST;V;O;12;4,23;20;9,25;3,54;20;0,69;0,11
Yang (2015);2;WM;Other;Simple Span;NV;O;85,3;26,49;20;78,65;21,52;20;0,27;0,10
Yang (2015);2;WM;Other;Simple Span BW;V;O;7,25;1,26;20;7,6;1,04;20;-0,30;0,10
Yang (2015);2;WM;Other;Simple Span BW;V;O;7,68;1,45;20;7,97;1,24;20;-0,21;0,10
Yang (2015);2;WM;Other;Simple Span FW;V;O;7,97;1,18;20;8,6;1,18;20;-0,52;0,10
Yang (2015);2;WM;Other;Simple Span FW;V;O;8,21;1,59;20;8,82;1,23;20;-0,42;0,10
Yang & Yang (2015);1;WM;Peer;Complex Span;V;ACC;;;25;;;12;0,01;0,13
Yang & Yang (2015);1;WM;Peer;Complex Span;V;ACC;;;25;;;12;-0,18;0,12
Yang & Yang (2015);2;WM;Peer;Complex Span;V;ACC;;;25;;;14;0,35;0,12
Blumenfeld et al. (2016);1;WM;Peer;Simple Span FW;V;O;17,9;2,32;15;18,2;1,94;15;-0,14;0,13
Blumenfeld et al. (2016);2;WM;Peer;Simple Span FW;V;O;16,3;3,1;15;16,8;3,49;15;-0,15;0,13
Brito et al. (2016);1;Monitoring;Peer;Task Switching;V;RT;620;168;32;659;167;28;-0,23;0,07
Brito et al. (2016);1;Shifting;Peer;Task Switching;V;RT;338;289,41;32;344;287,36;28;-0,02;0,07
Brito et al. (2016);2;Monitoring;Peer;Task Switching;V;RT;620;168;32;594;192;40;0,14;0,06
Brito et al. (2016);2;Shifting;Peer;Task Switching;V;RT;338;289,41;32;347;325,71;40;-0,03;0,06
Coderre et al. (2016);1;Inhibition;Peer;Flanker;NV;RT;42;21,6;15;51;32,5;14;-0,32;0,14
Coderre et al. (2016);1;Inhibition;Peer;Flanker;V;RT;20;18,9;15;12,7;20,7;14;0,36;0,14
Coderre et al. (2016);1;Monitoring;Peer;Flanker;NV;RT;448,3;44,1;15;478,5;64,6;14;-0,53;0,14
Coderre et al. (2016);1;Monitoring;Peer;Flanker;V;RT;442,7;45,5;15;471,9;58,6;14;-0,54;0,14
Coderre et al. (2016);1;WM;Peer;Simple Span FW;V;O;6,8;0,4;15;7,6;0,3;14;-2,20;0,23
Delcenserie & Genesee (2016);1;WM;Peer;Complex Span;V;O;9,53;1,19;15;3,93;1,28;15;4,41;0,50
Delcenserie & Genesee (2016);1;WM;Peer;Simple Span BW;NV;O;11,53;1,81;15;8,2;0,86;15;2,29;0,23
Delcenserie & Genesee (2016);1;WM;Peer;Simple Span BW;V;O;45,8;7,48;15;25,73;8,67;15;2,41;0,24
Delcenserie & Genesee (2016);1;WM;Peer;Simple Span FW;NV;O;10,53;1,77;15;8,93;1,33;15;0,99;0,15
Delcenserie & Genesee (2016);1;WM;Peer;Simple Span FW;V;O;63,87;10,48;15;53,8;10,68;15;0,93;0,15
Delcenserie & Genesee (2016);2;WM;Peer;Complex Span;V;O;6,87;3,02;15;3,93;1,28;15;1,23;0,16
Delcenserie & Genesee (2016);2;WM;Peer;Simple Span BW;NV;O;10,03;1,84;15;8,2;0,86;15;1,24;0,16
Delcenserie & Genesee (2016);2;WM;Peer;Simple Span BW;V;O;36,2;10,18;15;25,73;8,67;15;1,08;0,16
Delcenserie & Genesee (2016);2;WM;Peer;Simple Span FW;NV;O;10,33;2,38;15;8,93;1,33;15;0,71;0,14
Delcenserie & Genesee (2016);2;WM;Peer;Simple Span FW;V;O;58,6;10,12;15;53,8;10,68;15;0,45;0,14
Delcenserie & Genesee (2016);3;WM;Peer;Complex Span;V;O;6,73;2,66;15;3,93;1,28;15;1,31;0,17
Delcenserie & Genesee (2016);3;WM;Peer;Simple Span BW;NV;O;9,73;1,28;15;8,2;0,86;15;1,37;0,17
Delcenserie & Genesee (2016);3;WM;Peer;Simple Span BW;V;O;36,47;9,41;15;25,73;8,67;15;1,15;0,16
Delcenserie & Genesee (2016);3;WM;Peer;Simple Span FW;NV;O;10,33;2,38;15;8,93;1,33;15;0,71;0,14
Delcenserie & Genesee (2016);3;WM;Peer;Simple Span FW;V;O;58,23;10,12;15;53,8;10,68;15;0,41;0,14
Duncan et al. (2016);1;Inhibition;Peer;Simon;NV;RT;36;42,17;22;32;31,51;19;0,10;0,10
Duncan et al. (2016);1;Monitoring;Peer;Simon;NV;RT;429;50,42;22;393;49,87;19;0,70;0,10
Duncan et al. (2016);1;Shifting;Peer;Trail Making;V;RT;13;9,1;22;11;10,59;19;0,20;0,10
Duncan et al. (2016);1;WM;Peer;LNS;V;O;14,79;2,88;22;14,09;3,14;19;0,23;0,10
Folke et al. (2016);1;WM;Peer;Simple Span;V;O;16,03;3,73;31;17,97;4,85;31;-0,44;0,07
Incera Burkert (2016);1;Inhibition;Other;Flanker;NV;RT;169;109;73;184;59;73;-0,17;0,03
Incera Burkert (2016);1;Inhibition;Other;Stroop;V;RT;256;39;76;258;37;81;-0,05;0,03
Incera Burkert (2016);1;Monitoring;Other;Flanker;NV;RT;1210;385;76;1172;302;81;0,11;0,03
Incera Burkert (2016);1;Monitoring;Other;Stroop;V;RT;1290;385;76;1257;355;81;0,09;0,03
Incera Burkert (2016);2;Inhibition;Other;Flanker;NV;RT;123;142;9;209;41;9;-0,78;0,24
Incera Burkert (2016);2;Inhibition;Other;Stroop;V;RT;409;100;13;432;148;10;-0,18;0,18
Incera Burkert (2016);2;Monitoring;Other;Flanker;NV;RT;1534;306;13;1813;412;10;-0,76;0,19
Incera Burkert (2016);2;Monitoring;Other;Stroop;V;RT;1741;451;13;1949;443;10;-0,45;0,18
Johns et al. (2016);1;Inhibition;Peer;Stroop;V;RT;54,14;11,38;21;51,89;7,15;21;0,23;0,10
Johns et al. (2016);1;Fluency;Peer;Category Fluency;V;O;24,57;5,69;21;26,29;5,32;21;-0,31;0,10
Johns et al. (2016);1;Fluency;Peer;Letter Fluency;V;O;37,04;9,86;21;40,38;14,06;21;-0,27;0,10
Johns et al. (2016);1;Shifting;Peer;WCST;V;O;4,58;1,03;21;4,33;1,2;21;0,22;0,10
Johns et al. (2016);1;WM;Peer;Simple Span FW;V;O;11,07;2,28;21;10,9;1,61;21;0,08;0,10
Johns et al. (2016);1;WM;Peer;Simple Span BW;V;O;7,68;2,45;21;6,71;1,98;21;0,43;0,10
Johns et al. (2016);2;Inhibition;Peer;Stroop;V;RT;34,74;7,4;16;36,57;9,07;28;-0,21;0,10
Johns et al. (2016);2;Fluency;Peer;Category Fluency;V;O;18,81;4,64;16;21,47;5,87;28;-0,51;0,10
Johns et al. (2016);2;Fluency;Peer;Letter Fluency;V;O;40,43;10,42;16;43,4;7,43;28;-0,31;0,10
Johns et al. (2016);2;Shifting;Peer;WCST;V;O;3,67;1,11;16;3,93;0,96;28;-0,24;0,10
Johns et al. (2016);2;WM;Peer;Simple Span FW;V;O;9,81;1,91;16;11;1,56;28;-0,65;0,10
Johns et al. (2016);2;WM;Peer;Simple Span BW;V;O;6,81;1,94;16;7,8;2,68;28;-0,44;0,10
Kerrigan et al. (2016);1;WM;Peer;LNS;V;O;32,6;9,6;30;28,7;6,9;30;0,46;0,07
Kerrigan et al. (2016);1;WM;Peer;Simple Span;V;O;33,8;10;30;32,1;9,9;30;0,17;0,07
Kerrigan et al. (2016);1;WM;Peer;Simple Span BW;NV;O;19,8;3;30;17,8;3;30;0,66;0,07
Kerrigan et al. (2016);1;WM;Peer;Simple Span FW;NV;O;20,9;3,2;30;18,4;3;30;0,80;0,07
Rosselli et al. (2016);1;Inhibition;Peer;Simon;NV;RT;413,4;773,7;20;582;902;20;-0,20;0,10
Rosselli et al. (2016);1;Inhibition;Peer;Stroop;V;RT;78,6;72,9;20;92,1;51,7;20;-0,21;0,10
Rosselli et al. (2016);1;WM;Peer;Simple Span BW;V;O;6,2;1,1;20;6,3;1,4;20;-0,08;0,10
Rosselli et al. (2016);1;WM;Peer;Simple Span FW;NV;O;6;1;20;5,9;1;20;0,10;0,10
Rosselli et al. (2016);1;WM;Peer;Simple Span FW;V;O;6,7;1,2;20;6,7;1,1;20;0,00;0,10
Rosselli et al. (2016);2;Inhibition;Peer;Simon;NV;RT;646,3;790,3;20;1204;920,9;20;-0,64;0,11
Rosselli et al. (2016);2;Inhibition;Peer;Stroop;V;RT;92,9;71,3;20;150,1;106,1;20;-0,62;0,11
Rosselli et al. (2016);2;WM;Peer;Simple Span BW;V;O;4,9;1;20;5,7;1,5;20;-0,62;0,11
Rosselli et al. (2016);2;WM;Peer;Simple Span FW;NV;O;5,6;0,7;20;5,4;0,9;20;0,24;0,10
Rosselli et al. (2016);2;WM;Peer;Simple Span FW;V;O;5,8;1;20;6,9;1,3;20;-0,93;0,11
Rosselli et al. (2016);3;Inhibition;Peer;Simon;NV;RT;646,3;790,3;20;865,2;898,6;34;-0,25;0,08
Rosselli et al. (2016);3;Inhibition;Peer;Stroop;V;RT;92,9;71,3;20;105,6;85;34;-0,16;0,08
Rosselli et al. (2016);3;WM;Peer;Simple Span BW;V;O;4,9;1,2;20;5,7;1,5;34;-0,60;0,08
Rosselli et al. (2016);3;WM;Peer;Simple Span FW;NV;O;5,7;0,8;20;5,4;0,9;34;0,35;0,08
Rosselli et al. (2016);3;WM;Peer;Simple Span FW;V;O;6,1;1,4;20;6,9;1,3;34;-0,58;0,08
Shulley & Shake (2016);1;Attention;Peer;SART;V;ACC;0,57;0,16;49;0,56;0,13;49;0,07;0,04
Shulley & Shake (2016);1;Inhibition;Peer;Stroop;V;RT;89,62;29,78;51;91,78;43,68;51;-0,06;0,04
Shulley & Shake (2016);1;Monitoring;Peer;Stroop;V;RT;560,23;79,03;51;603,83;100,26;51;-0,48;0,04
Shulley & Shake (2016);1;Monitoring;Peer;Task Switching;V;RT;855,7;136,89;50;988,5;223,08;51;-0,71;0,04
Shulley & Shake (2016);1;WM;Peer;Complex Span;V;ACC;20,51;2,71;50;21;2,24;50;-0,20;0,04
Shulley & Shake (2016);1;Shifting;Peer;Task Switching;V;RT;203,77;73,39;50;236,26;103,27;51;-0,36;0,04
Wu et al. (2016);1;Inhibition;Peer;Flanker;NV;RT;26,06;13,01;20;27,67;14,53;19;-0,11;0,10
Wu et al. (2016);1;Monitoring;Peer;Flanker;NV;RT;492,05;70,67;20;481,62;60,67;19;0,15;0,10
Wu et al. (2016);1;WM;Peer;Complex Span;V;ACC;48,89;7,08;20;51,95;5,62;19;-0,47;0,11
Yang & Yang (2016);1;Attention;Peer;Flanker Alerting;NV;RT;36;22;19;45;17;20;-0,45;0,11
Yang & Yang (2016);1;Attention;Peer;Flanker;NV;RT;44;19;19;28;15;20;0,92;0,11
Yang & Yang (2016);1;Inhibition;Peer;Flanker;NV;RT;133;35;19;96;23;20;1,23;0,12
Yang & Yang (2016);1;Monitoring;Peer;Flanker;NV;RT;481;50;19;450;49;20;0,61;0,11