StudyID;ESID;Reference;Design;ControlGroup;CognitiveSkill;g;vg
61;6101;Akcaoglu (2013);Pretest-posttest control group;untreated;Reasoning;0,912;0,066
61;6102;Akcaoglu (2013);Pretest-posttest control group;untreated;Reasoning;0,864;0,066
61;6103;Akcaoglu (2013);Pretest-posttest control group;untreated;Reasoning;0,522;0,063
90;9001;Jenkins (2015);Pretest-posttest control group;untreated;Programming;0,287;0,141
90;9002;Jenkins (2015);Pretest-posttest control group;untreated;Literacy;0,435;0,143
969;96901;Missiuna et al. (1987);Pretest-posttest control group;untreated;Reasoning;0,344;0,064
969;96902;Missiuna et al. (1987);Pretest-posttest control group;untreated;Reasoning;0,272;0,065
969;96903;Missiuna et al. (1987);Pretest-posttest control group;untreated;Reasoning;0,518;0,067
969;96904;Missiuna et al. (1987);Pretest-posttest control group;untreated;Reasoning;0,343;0,064
969;96905;Missiuna et al. (1987);Pretest-posttest control group;untreated;Reasoning;-0,269;0,063
969;96906;Missiuna et al. (1987);Pretest-posttest control group;untreated;Reasoning;0,51;0,065
1050;105001;Dillashaw & Bell (1985);Posttest-only control group;untreated;Reasoning;0,556;0,127
1053;105301;Koohang (1984);Pretest-posttest control group;untreated;Reasoning;0,5;0,058
1083;108301;Pea & Kurland (1984);Pretest-posttest control group;treated;Reasoning;0,938;0,251
1083;108302;Pea & Kurland (1984);Pretest-posttest control group;treated;Reasoning;0,463;0,23
1083;108303;Pea & Kurland (1984);Pretest-posttest control group;treated;Reasoning;-0,135;0,224
1083;108304;Pea & Kurland (1984);Pretest-posttest control group;treated;Reasoning;0,135;0,224
1083;108305;Pea & Kurland (1984);Pretest-posttest control group;treated;Reasoning;0,651;0,237
1083;108306;Pea & Kurland (1984);Pretest-posttest control group;treated;Reasoning;-0,137;0,224
1141;114101;Seidman (1981);Pretest-posttest control group;untreated;Literacy;-0,539;0,097
1141;114102;Seidman (1981);Pretest-posttest control group;untreated;Mathematical literacy;-0,027;0,094
1141;114103;Seidman (1981);Posttest-only control group;untreated;Reasoning;-0,062;0,094
1141;114104;Seidman (1981);Posttest-only control group;untreated;Reasoning;-0,099;0,094
1141;114105;Seidman (1981);Posttest-only control group;untreated;Reasoning;-0,008;0,094
1141;114106;Seidman (1981);Posttest-only control group;untreated;Reasoning;-0,084;0,094
1211;121101;Milner (1973);Pretest-posttest control group;untreated;Mathematical literacy;0,595;0,106
1211;121102;Milner (1973);Pretest-posttest control group;untreated;Programming;0,696;0,146
1273;127306;Hayes & Stewart (2016);Pretest-posttest control group;untreated;Literacy;-1,033;0,154
1273;127307;Hayes & Stewart (2016);Pretest-posttest control group;untreated;Literacy;-0,962;0,151
1273;127311;Hayes & Stewart (2016);Pretest-posttest control group;untreated;Literacy;0,098;0,135
1273;127312;Hayes & Stewart (2016);Pretest-posttest control group;untreated;Mathematical literacy;-0,241;0,136
1273;127309;Hayes & Stewart (2016);Pretest-posttest control group;treated;Reasoning;-1,334;0,166
1273;127310;Hayes & Stewart (2016);Pretest-posttest control group;treated;Reasoning;-1,65;0,183
1273;127301;Hayes & Stewart (2016);Pretest-posttest control group;treated;Reasoning;-1,532;0,177
1273;127302;Hayes & Stewart (2016);Pretest-posttest control group;treated;Reasoning;-0,332;0,137
1273;127303;Hayes & Stewart (2016);Pretest-posttest control group;treated;Reasoning;-0,442;0,138
1273;127304;Hayes & Stewart (2016);Pretest-posttest control group;treated;Reasoning;-0,173;0,135
1273;127305;Hayes & Stewart (2016);Pretest-posttest control group;treated;Reasoning;-0,147;0,135
1273;127308;Hayes & Stewart (2016);Pretest-posttest control group;treated;Reasoning;-2,02;0,208
1483;148301;Kim et al. (2013a);Pretest-posttest control group;untreated;Creativity;0,24;0,033
1483;148302;Kim et al. (2013a);Pretest-posttest control group;untreated;Creativity;-0,35;0,034
1483;148303;Kim et al. (2013a);Pretest-posttest control group;untreated;Creativity;0,138;0,033
1483;148304;Kim et al. (2013a);Pretest-posttest control group;untreated;Creativity;1,019;0,038
1483;148305;Kim et al. (2013a);Pretest-posttest control group;untreated;Creativity;0,477;0,14
1483;148306;Kim et al. (2013a);Pretest-posttest control group;untreated;Creativity;0,056;0,136
1483;148307;Kim et al. (2013a);Pretest-posttest control group;untreated;Creativity;0,183;0,136
1483;148308;Kim et al. (2013a);Pretest-posttest control group;untreated;Creativity;1,651;0,181
1494;149401;Kazakoff et al. (2013);Pretest-posttest control group;untreated;Reasoning;0,322;0,212
1494;149402;Kazakoff et al. (2013);Pretest-posttest control group;untreated;Reasoning;0,698;0,172
1516;141601;Kazakoff et al. (2012);Pretest-posttest control group;untreated;Reasoning;0,638;0,076
1933;193301;Kapa (1999);Pretest-posttest control group;treated;Reasoning;0,218;0,087
1933;193302;Kapa (1999);Pretest-posttest control group;treated;Reasoning;-1,41;0,108
1933;193303;Kapa (1999);Pretest-posttest control group;treated;Reasoning;0,595;0,09
1933;193304;Kapa (1999);Pretest-posttest control group;treated;Reasoning;0,514;0,089
1936;193601;Subhi (1999);Pretest-posttest control group;untreated;Mathematical literacy;2,104;0,028
1936;193602;Subhi (1999);Pretest-posttest control group;untreated;Creativity;3,009;0,039
1936;193603;Subhi (1999);Pretest-posttest control group;untreated;Creativity;2,753;0,036
1984;198405;Chartier (1996);Pretest-posttest control group;untreated;Spatial skills;-0,189;0,161
1984;198406;Chartier (1996);Pretest-posttest control group;untreated;Spatial skills;-0,478;0,163
1984;198411;Chartier (1996);Pretest-posttest control group;untreated;Spatial skills;0,02;0,152
1984;198412;Chartier (1996);Pretest-posttest control group;untreated;Spatial skills;0;0,152
1984;198401;Chartier (1996);Pretest-posttest control group;treated;Reasoning;-0,358;0,162
1984;198402;Chartier (1996);Pretest-posttest control group;treated;Reasoning;-0,597;0,164
1984;198403;Chartier (1996);Pretest-posttest control group;treated;Reasoning;-0,04;0,16
1984;198404;Chartier (1996);Pretest-posttest control group;treated;Reasoning;-0,09;0,16
1984;198407;Chartier (1996);Pretest-posttest control group;untreated;Reasoning;-0,199;0,153
1984;198408;Chartier (1996);Pretest-posttest control group;untreated;Reasoning;-0,309;0,153
1984;198409;Chartier (1996);Pretest-posttest control group;untreated;Reasoning;0,08;0,153
1984;198410;Chartier (1996);Pretest-posttest control group;untreated;Reasoning;-0,09;0,153
2056;205601;Mevarech & Kramarski (1992);Pretest-posttest control group;untreated;Creativity;-0,216;0,027
2056;205602;Mevarech & Kramarski (1992);Pretest-posttest control group;untreated;Creativity;-0,226;0,027
2056;205603;Mevarech & Kramarski (1992);Pretest-posttest control group;untreated;Creativity;0,879;0,03
2056;205604;Mevarech & Kramarski (1992);Pretest-posttest control group;untreated;Creativity;-0,257;0,028
2056;205605;Mevarech & Kramarski (1992);Pretest-posttest control group;untreated;Creativity;0,406;0,028
2056;205606;Mevarech & Kramarski (1992);Pretest-posttest control group;untreated;Creativity;1,012;0,031
2056;205607;Mevarech & Kramarski (1992);Pretest-posttest control group;untreated;Creativity;0,08;0,029
2056;205608;Mevarech & Kramarski (1992);Pretest-posttest control group;untreated;Creativity;0,113;0,029
2056;205609;Mevarech & Kramarski (1992);Pretest-posttest control group;untreated;Creativity;0,572;0,03
2056;205610;Mevarech & Kramarski (1992);Pretest-posttest control group;untreated;Creativity;0,395;0,029
2056;205611;Mevarech & Kramarski (1992);Pretest-posttest control group;untreated;Creativity;0,088;0,029
2056;205612;Mevarech & Kramarski (1992);Pretest-posttest control group;untreated;Creativity;0,965;0,032
2085;208501;Swan (1991);Pretest-posttest control group;treated;Reasoning;0,581;0,061
2085;208502;Swan (1991);Pretest-posttest control group;treated;Reasoning;0,734;0,062
2085;208503;Swan (1991);Pretest-posttest control group;treated;Reasoning;0,539;0,061
2085;208504;Swan (1991);Pretest-posttest control group;treated;Reasoning;0,577;0,061
2085;208505;Swan (1991);Pretest-posttest control group;treated;Reasoning;0,865;0,064
2085;208506;Swan (1991);Pretest-posttest control group;treated;Reasoning;-0,28;0,059
2085;208507;Swan (1991);Pretest-posttest control group;treated;Reasoning;0,029;0,058
2085;208508;Swan (1991);Pretest-posttest control group;treated;Reasoning;0,092;0,058
2085;208509;Swan (1991);Pretest-posttest control group;treated;Reasoning;-0,126;0,058
2085;208510;Swan (1991);Pretest-posttest control group;treated;Reasoning;0,231;0,059
2114;211401;Littlefield et al. (1989);Posttest-only control group;untreated;Reasoning;0,571;0,146
2114;211402;Littlefield et al. (1989);Posttest-only control group;untreated;Reasoning;0,296;0,141
2114;211403;Littlefield et al. (1989);Posttest-only control group;untreated;Reasoning;0,085;0,14
2114;211404;Littlefield et al. (1989);Posttest-only control group;untreated;Reasoning;0,363;0,142
2114;211405;Littlefield et al. (1989);Posttest-only control group;untreated;Reasoning;0,406;0,143
2114;211406;Littlefield et al. (1989);Posttest-only control group;untreated;Reasoning;0,46;0,143
2114;211407;Littlefield et al. (1989);Posttest-only control group;untreated;Reasoning;0,729;0,149
2114;211408;Littlefield et al. (1989);Posttest-only control group;untreated;Reasoning;-0,285;0,141
2116;211601;Clements & Battista (1989);Posttest-only control group;untreated;Mathematical literacy;1,652;0,109
2116;211602;Clements & Battista (1989);Posttest-only control group;untreated;Mathematical literacy;1,464;0,103
2116;211603;Clements & Battista (1989);Posttest-only control group;untreated;Mathematical literacy;1,38;0,1
2133;213301;Thompson & Wang (1988);Posttest-only control group;treated;Mathematical literacy;0,625;0,101
2133;213302;Thompson & Wang (1988);Posttest-only control group;treated;Mathematical literacy;0,984;0,108
2135;213505;Lehrer et al. (1988);Posttest-only control group;treated;Reasoning;-0,421;0,129
2135;213506;Lehrer et al. (1988);Posttest-only control group;treated;Reasoning;-0,139;0,127
2135;213507;Lehrer et al. (1988);Posttest-only control group;treated;Reasoning;-0,678;0,134
2135;213508;Lehrer et al. (1988);Posttest-only control group;treated;Reasoning;0,188;0,127
2135;213509;Lehrer et al. (1988);Posttest-only control group;treated;Reasoning;0,529;0,131
2135;213515;Lehrer et al. (1988);Posttest-only control group;treated;Reasoning;-0,091;0,126
2135;213516;Lehrer et al. (1988);Posttest-only control group;treated;Reasoning;-0,313;0,128
2135;213517;Lehrer et al. (1988);Posttest-only control group;treated;Reasoning;-0,678;0,134
2135;213518;Lehrer et al. (1988);Posttest-only control group;treated;Reasoning;0,425;0,129
2135;213519;Lehrer et al. (1988);Posttest-only control group;treated;Reasoning;0,44;0,129
2135;213501;Lehrer et al. (1988);Posttest-only control group;untreated;Mathematical literacy;2,079;0,198
2135;213502;Lehrer et al. (1988);Posttest-only control group;untreated;Mathematical literacy;2,095;0,199
2135;213503;Lehrer et al. (1988);Posttest-only control group;untreated;Mathematical literacy;0,8;0,137
2135;213504;Lehrer et al. (1988);Posttest-only control group;untreated;Mathematical literacy;2,112;0,201
2135;213510;Lehrer et al. (1988);Posttest-only control group;treated;Metacognition;0;0,126
2135;213511;Lehrer et al. (1988);Posttest-only control group;untreated;Mathematical literacy;3,495;0,33
2135;213512;Lehrer et al. (1988);Posttest-only control group;untreated;Mathematical literacy;2,536;0,233
2135;213513;Lehrer et al. (1988);Posttest-only control group;untreated;Mathematical literacy;1,514;0,164
2135;213514;Lehrer et al. (1988);Posttest-only control group;untreated;Mathematical literacy;2,95;0,271
2135;213520;Lehrer et al. (1988);Posttest-only control group;treated;Metacognition;0,908;0,14
2136;213601;Many et al. (1988);Posttest-only control group;untreated;Reasoning;0,511;0,055
2136;213602;Many et al. (1988);Posttest-only control group;untreated;Reasoning;0,326;0,05
2138;213801;Miller e al. (1988);Pretest-posttest control group;untreated;Spatial skills;0,553;0,024
2138;213802;Miller e al. (1988);Pretest-posttest control group;untreated;Spatial skills;0,305;0,023
2148;214801;Block et al. (1987);Posttest-only control group;untreated;Programming;0,408;0,05
2159;215901;Miller & Emihovich (1986);Pretest-posttest control group;untreated;Metacognition;0,576;0,234
2159;215902;Miller & Emihovich (1986);Pretest-posttest control group;untreated;Metacognition;0,01;0,223
2159;215903;Miller & Emihovich (1986);Pretest-posttest control group;untreated;Metacognition;0,584;0,234
2159;215904;Miller & Emihovich (1986);Pretest-posttest control group;untreated;Metacognition;0,339;0,227
2159;215905;Miller & Emihovich (1986);Pretest-posttest control group;untreated;Metacognition;1,197;0,268
2160;216001;Degelman et al. (1986);Posttest-only control group;untreated;Reasoning;1,24;0,305
2168;216801;Mynatt et al. (1986);Posttest-only control group;untreated;Reasoning;0,217;0,052
2168;216802;Mynatt et al. (1986);Posttest-only control group;untreated;Programming;0,446;0,053
2168;216803;Mynatt et al. (1986);Posttest-only control group;untreated;Programming;0,229;0,047
2173;217303;Clements (1986);Pretest-posttest control group;untreated;Creativity;0,609;0,163
2173;217304;Clements (1986);Pretest-posttest control group;untreated;Creativity;0,768;0,168
2173;217305;Clements (1986);Pretest-posttest control group;untreated;Creativity;1,955;0,235
2173;217306;Clements (1986);Pretest-posttest control group;untreated;Creativity;1,384;0,195
2173;217307;Clements (1986);Pretest-posttest control group;treated;Literacy;-0,071;0,155
2173;217308;Clements (1986);Pretest-posttest control group;treated;Mathematical literacy;-0,569;0,162
2173;217311;Clements (1986);Pretest-posttest control group;untreated;Creativity;0,347;0,158
2173;217312;Clements (1986);Pretest-posttest control group;untreated;Creativity;0,628;0,164
2173;217313;Clements (1986);Pretest-posttest control group;untreated;Creativity;2,716;0,309
2173;217314;Clements (1986);Pretest-posttest control group;untreated;Creativity;1,632;0,211
2173;217315;Clements (1986);Pretest-posttest control group;treated;Literacy;0,188;0,156
2173;217316;Clements (1986);Pretest-posttest control group;treated;Mathematical literacy;0,211;0,156
2173;217319;Clements (1986);Pretest-posttest control group;untreated;Creativity;0,078;0,155
2173;217320;Clements (1986);Pretest-posttest control group;untreated;Creativity;0,454;0,16
2173;217321;Clements (1986);Pretest-posttest control group;untreated;Creativity;2,456;0,281
2173;217322;Clements (1986);Pretest-posttest control group;untreated;Creativity;1,179;0,184
2173;217323;Clements (1986);Pretest-posttest control group;untreated;Literacy;-0,449;0,16
2173;217324;Clements (1986);Pretest-posttest control group;untreated;Mathematical literacy;0,022;0,155
2173;217327;Clements (1986);Pretest-posttest control group;untreated;Creativity;0,807;0,169
2173;217328;Clements (1986);Pretest-posttest control group;untreated;Creativity;0,652;0,164
2173;217329;Clements (1986);Pretest-posttest control group;untreated;Creativity;2,438;0,279
2173;217330;Clements (1986);Pretest-posttest control group;untreated;Creativity;1,68;0,214
2173;217331;Clements (1986);Pretest-posttest control group;untreated;Literacy;0,329;0,158
2173;217332;Clements (1986);Pretest-posttest control group;untreated;Mathematical literacy;0,038;0,155
2173;217333;Clements (1986);Posttest-only control group;treated;Metacognition;1,322;0,192
2173;217334;Clements (1986);Posttest-only control group;treated;Metacognition;0,083;0,156
2173;217335;Clements (1986);Posttest-only control group;treated;Metacognition;0,965;0,175
2173;217336;Clements (1986);Posttest-only control group;treated;Metacognition;0,257;0,157
2173;217337;Clements (1986);Posttest-only control group;untreated;Spatial skills;1,262;0,189
2173;217338;Clements (1986);Posttest-only control group;treated;Metacognition;0,427;0,159
2173;217339;Clements (1986);Posttest-only control group;treated;Metacognition;-0,074;0,155
2173;217340;Clements (1986);Posttest-only control group;treated;Metacognition;0,691;0,165
2173;217341;Clements (1986);Posttest-only control group;treated;Metacognition;0,208;0,156
2173;217342;Clements (1986);Posttest-only control group;untreated;Spatial skills;1,38;0,195
2173;217343;Clements (1986);Posttest-only control group;untreated;Metacognition;0,962;0,175
2173;217344;Clements (1986);Posttest-only control group;untreated;Metacognition;0,134;0,156
2173;217345;Clements (1986);Posttest-only control group;untreated;Metacognition;1,094;0,18
2173;217346;Clements (1986);Posttest-only control group;untreated;Metacognition;0,772;0,168
2173;217347;Clements (1986);Posttest-only control group;untreated;Spatial skills;0,785;0,168
2173;217348;Clements (1986);Posttest-only control group;untreated;Metacognition;0,884;0,172
2173;217349;Clements (1986);Posttest-only control group;untreated;Metacognition;0,314;0,157
2173;217350;Clements (1986);Posttest-only control group;untreated;Metacognition;0,881;0,172
2173;217351;Clements (1986);Posttest-only control group;untreated;Metacognition;-0,421;0,159
2173;217352;Clements (1986);Posttest-only control group;untreated;Spatial skills;1,629;0,211
2173;217301;Clements (1986);Pretest-posttest control group;untreated;Reasoning;1,335;0,192
2173;217302;Clements (1986);Pretest-posttest control group;untreated;Reasoning;1,624;0,21
2173;217309;Clements (1986);Pretest-posttest control group;untreated;Reasoning;0,215;0,156
2173;217310;Clements (1986);Pretest-posttest control group;untreated;Reasoning;-0,041;0,155
2173;217317;Clements (1986);Pretest-posttest control group;untreated;Reasoning;1,424;0,198
2173;217318;Clements (1986);Pretest-posttest control group;untreated;Reasoning;1,676;0,214
2173;217325;Clements (1986);Pretest-posttest control group;untreated;Reasoning;0,583;0,162
2173;217326;Clements (1986);Pretest-posttest control group;untreated;Reasoning;0,332;0,158
2225;222501;Akcaoglu & Koehler (2014);Pretest-posttest control group;untreated;Reasoning;0,922;0,098
2225;222502;Akcaoglu & Koehler (2014);Pretest-posttest control group;untreated;Reasoning;1,266;0,107
2225;222503;Akcaoglu & Koehler (2014);Pretest-posttest control group;untreated;Reasoning;1,005;0,1
2226;222601;Akdag (1985);Pretest-posttest control group;treated;Mathematical literacy;-1,041;0,116
2226;222602;Akdag (1985);Pretest-posttest control group;treated;Spatial skills;0,33;0,104
2226;222603;Akdag (1985);Pretest-posttest control group;treated;Mathematical literacy;0,785;0,11
2226;222604;Akdag (1985);Pretest-posttest control group;treated;Spatial skills;0,382;0,105
2233;223302;Au & Leung (1991);Pretest-posttest control group;untreated;Reasoning;0,782;0,104
2233;223303;Au & Leung (1991);Pretest-posttest control group;untreated;Reasoning;1,568;0,127
2233;223304;Au & Leung (1991);Pretest-posttest control group;untreated;Reasoning;1,602;0,128
2233;223305;Au & Leung (1991);Pretest-posttest control group;untreated;Reasoning;1,28;0,117
2233;223306;Au & Leung (1991);Pretest-posttest control group;untreated;Reasoning;0,489;0,099
2233;223308;Au & Leung (1991);Pretest-posttest control group;untreated;Reasoning;0,139;0,096
2233;223309;Au & Leung (1991);Pretest-posttest control group;untreated;Reasoning;0,467;0,099
2233;223310;Au & Leung (1991);Pretest-posttest control group;untreated;Reasoning;1,36;0,119
2233;223311;Au & Leung (1991);Pretest-posttest control group;untreated;Reasoning;0,573;0,1
2233;223312;Au & Leung (1991);Pretest-posttest control group;untreated;Reasoning;0,615;0,101
2233;223301;Au & Leung (1991);Pretest-posttest control group;untreated;Reasoning;0,372;0,098
2233;223307;Au & Leung (1991);Pretest-posttest control group;untreated;Reasoning;0,148;0,096
2236;223601;Baker (1986);Posttest-only control group;untreated;Reasoning;0,702;0,091
2236;223602;Baker (1986);Posttest-only control group;untreated;Reasoning;0,617;0,09
2238;223801;Barker & Ansorge (2007);Pretest-posttest control group;untreated;Programming;2,852;0,248
2241;224102;Battista & Clements (1986);Pretest-posttest control group;treated;Reasoning;0,889;0,317
2241;224104;Battista & Clements (1986);Pretest-posttest control group;treated;Reasoning;1,005;0,176
2241;224106;Battista & Clements (1986);Pretest-posttest control group;untreated;Reasoning;1,245;0,377
2241;224108;Battista & Clements (1986);Pretest-posttest control group;untreated;Reasoning;0,397;0,153
2241;224101;Battista & Clements (1986);Pretest-posttest control group;untreated;Programming;-0,292;0,288
2241;224103;Battista & Clements (1986);Pretest-posttest control group;untreated;Programming;-0,056;0,155
2241;224105;Battista & Clements (1986);Pretest-posttest control group;untreated;Programming;-0,142;0,307
2241;224107;Battista & Clements (1986);Pretest-posttest control group;untreated;Programming;-0,23;0,151
2243;224303;Bebell (1988);Posttest-only control group;untreated;Reasoning;0,296;0,051
2243;224301;Bebell (1988);Posttest-only control group;untreated;Reasoning;0,364;0,051
2243;224302;Bebell (1988);Posttest-only control group;untreated;Reasoning;0,386;0,051
2243;224304;Bebell (1988);Posttest-only control group;untreated;Reasoning;0,038;0,05
2243;224305;Bebell (1988);Posttest-only control group;untreated;Reasoning;0,413;0,051
2243;224306;Bebell (1988);Posttest-only control group;untreated;Reasoning;0,362;0,051
2243;224307;Bebell (1988);Posttest-only control group;untreated;Reasoning;1,525;0,065
2248;224801;Bernardo & Morris (1994);Pretest-posttest control group;untreated;Mathematical literacy;0,105;0,045
2248;224803;Bernardo & Morris (1994);Pretest-posttest control group;untreated;Mathematical literacy;0,913;0,049
2248;224804;Bernardo & Morris (1994);Pretest-posttest control group;untreated;Mathematical literacy;0,362;0,045
2248;224806;Bernardo & Morris (1994);Pretest-posttest control group;untreated;Mathematical literacy;0,861;0,049
2248;224802;Bernardo & Morris (1994);Pretest-posttest control group;untreated;Reasoning;0,308;0,045
2248;224805;Bernardo & Morris (1994);Pretest-posttest control group;untreated;Reasoning;0,17;0,045
2251;225101;Blackwelder (1986);Pretest-posttest control group;untreated;Reasoning;0,437;0,04
2264;226401;Brown et al. (2008);Pretest-posttest control group;untreated;Mathematical literacy;0,968;0,042
2265;226501;Bruggeman (1985);Pretest-posttest control group;untreated;Reasoning;0,31;0,259
2265;226502;Bruggeman (1985);Pretest-posttest control group;untreated;Reasoning;0,107;0,267
2265;226503;Bruggeman (1985);Pretest-posttest control group;untreated;Reasoning;-0,097;0,262
2265;226504;Bruggeman (1985);Pretest-posttest control group;untreated;Reasoning;0,199;0,256
2274;227401;Calao et al. (2014);Pretest-posttest control group;untreated;Mathematical literacy;2,214;0,152
2275;227501;Campbell et al. (1991);Posttest-only control group;untreated;Mathematical literacy;0,697;0,086
2275;227502;Campbell et al. (1991);Posttest-only control group;untreated;Mathematical literacy;0,63;0,085
2275;227503;Campbell et al. (1991);Posttest-only control group;untreated;Mathematical literacy;0,733;0,086
2281;228101;Cathcart (1990);Pretest-posttest control group;untreated;Creativity;-0,45;0,094
2281;228102;Cathcart (1990);Pretest-posttest control group;untreated;Creativity;1,237;0,11
2281;228103;Cathcart (1990);Pretest-posttest control group;untreated;Creativity;0,841;0,1
2281;228104;Cathcart (1990);Pretest-posttest control group;untreated;Creativity;0,623;0,097
2281;228105;Cathcart (1990);Pretest-posttest control group;untreated;Creativity;0,722;0,098
2281;228107;Cathcart (1990);Pretest-posttest control group;untreated;Metacognition;0,295;0,093
2281;228108;Cathcart (1990);Pretest-posttest control group;untreated;Metacognition;0,046;0,092
2281;228106;Cathcart (1990);Pretest-posttest control group;untreated;Reasoning;0,338;0,093
2294;229401;Cheshire (1981);Pretest-posttest control group;treated;Reasoning;0,871;0,047
2298;229801;Choi (1991);Pretest-posttest control group;untreated;Reasoning;0,218;0,097
2298;229802;Choi (1991);Pretest-posttest control group;untreated;Reasoning;0,269;0,1
2304;230405;Clements (1987);Posttest-only control group;treated;Literacy;0,312;0,227
2304;230406;Clements (1987);Posttest-only control group;treated;Literacy;0,591;0,234
2304;230407;Clements (1987);Posttest-only control group;treated;Literacy;1,164;0,266
2304;230408;Clements (1987);Posttest-only control group;treated;Mathematical literacy;0,465;0,23
2304;230401;Clements (1987);Posttest-only control group;untreated;Reasoning;0,435;0,229
2304;230402;Clements (1987);Posttest-only control group;untreated;Reasoning;0,926;0,25
2304;230403;Clements (1987);Posttest-only control group;untreated;Reasoning;-0,3;0,226
2304;230404;Clements (1987);Posttest-only control group;untreated;Reasoning;0,196;0,225
2305;230501;Clements (1990);Posttest-only control group;untreated;Metacognition;0,303;0,082
2305;230502;Clements (1990);Posttest-only control group;untreated;Metacognition;-0,054;0,081
2305;230503;Clements (1990);Posttest-only control group;untreated;Metacognition;0,443;0,083
2305;230504;Clements (1990);Posttest-only control group;untreated;Metacognition;0,602;0,084
2306;230601;Clements (1991);Pretest-posttest control group;treated;Creativity;-0,149;0,081
2306;230602;Clements (1991);Pretest-posttest control group;treated;Creativity;0,15;0,081
2306;230603;Clements (1991);Pretest-posttest control group;treated;Creativity;1,127;0,094
2306;230604;Clements (1991);Pretest-posttest control group;treated;Creativity;0,469;0,083
2306;230605;Clements (1991);Pretest-posttest control group;treated;Creativity;0,069;0,081
2306;230606;Clements (1991);Pretest-posttest control group;treated;Creativity;0,197;0,081
2306;230607;Clements (1991);Pretest-posttest control group;treated;Creativity;0,603;0,084
2306;230608;Clements (1991);Pretest-posttest control group;untreated;Creativity;0,559;0,082
2306;230609;Clements (1991);Pretest-posttest control group;untreated;Creativity;0,889;0,087
2306;230610;Clements (1991);Pretest-posttest control group;untreated;Creativity;1,837;0,114
2306;230611;Clements (1991);Pretest-posttest control group;untreated;Creativity;1,078;0,091
2306;230612;Clements (1991);Pretest-posttest control group;untreated;Creativity;-0,007;0,079
2306;230613;Clements (1991);Pretest-posttest control group;untreated;Creativity;0,058;0,079
2306;230614;Clements (1991);Pretest-posttest control group;untreated;Creativity;1,466;0,101
2307;230713;Clements & Gullo (1984);Posttest-only control group;untreated;Reasoning;-0,101;0,202
2307;230714;Clements & Gullo (1984);Posttest-only control group;untreated;Reasoning;0,285;0,204
2307;230715;Clements & Gullo (1984);Posttest-only control group;untreated;Reasoning;-0,193;0,203
2307;230716;Clements & Gullo (1984);Posttest-only control group;untreated;Reasoning;0;0,202
2307;230701;Clements & Gullo (1984);Pretest-posttest control group;untreated;Creativity;1,376;0,254
2307;230702;Clements & Gullo (1984);Pretest-posttest control group;untreated;Creativity;0,601;0,212
2307;230703;Clements & Gullo (1984);Pretest-posttest control group;untreated;Creativity;0,811;0,22
2307;230704;Clements & Gullo (1984);Pretest-posttest control group;untreated;Creativity;0,672;0,214
2307;230705;Clements & Gullo (1984);Pretest-posttest control group;untreated;Metacognition;1,206;0,242
2307;230706;Clements & Gullo (1984);Pretest-posttest control group;untreated;Metacognition;2,417;0,364
2307;230709;Clements & Gullo (1984);Posttest-only control group;untreated;Metacognition;1,591;0,272
2307;230710;Clements & Gullo (1984);Posttest-only control group;untreated;Metacognition;1,289;0,248
2307;230711;Clements & Gullo (1984);Posttest-only control group;untreated;Spatial skills;1,987;0,311
2307;230707;Clements & Gullo (1984);Posttest-only control group;untreated;Reasoning;1,073;0,234
2307;230708;Clements & Gullo (1984);Posttest-only control group;untreated;Reasoning;0,511;0,209
2307;230712;Clements & Gullo (1984);Posttest-only control group;untreated;Reasoning;0,509;0,209
2308;230801;Clements & Nastasi (1988);Posttest-only control group;untreated;Metacognition;2,249;0,579
2308;230802;Clements & Nastasi (1988);Posttest-only control group;untreated;Metacognition;1,571;0,493
2313;231301;Cooper et al. (2003);Posttest-only control group;untreated;Programming;1,439;0,225
2319;231902;Dalton (1986);Posttest-only control group;treated;Reasoning;-1,453;0,09
2319;231906;Dalton (1986);Posttest-only control group;untreated;Reasoning;-0,031;0,072
2319;231901;Dalton (1986);Posttest-only control group;untreated;Reasoning;-0,508;0,073
2319;231905;Dalton (1986);Posttest-only control group;untreated;Reasoning;0,726;0,077
2319;231903;Dalton (1986);Posttest-only control group;untreated;Mathematical literacy;0,306;0,074
2319;231904;Dalton (1986);Posttest-only control group;untreated;School achievement;0,288;0,074
2319;231907;Dalton (1986);Posttest-only control group;untreated;Mathematical literacy;0,252;0,075
2319;231908;Dalton (1986);Posttest-only control group;untreated;School achievement;0,236;0,075
2320;232001;Dalton & Goodrum (1991);Posttest-only control group;untreated;Reasoning;0,267;0,024
2320;232003;Dalton & Goodrum (1991);Posttest-only control group;untreated;Reasoning;0,803;0,041
2320;232002;Dalton & Goodrum (1991);Posttest-only control group;untreated;Programming;1,288;0,029
2320;232004;Dalton & Goodrum (1991);Posttest-only control group;untreated;Programming;0,638;0,04
2340;234001;Dziak (1985);Pretest-posttest control group;untreated;Mathematical literacy;2,152;0,066
2340;234002;Dziak (1985);Pretest-posttest control group;untreated;Mathematical literacy;0,087;0,042
2340;234003;Dziak (1985);Pretest-posttest control group;untreated;Spatial skills;0,11;0,042
2363;236302;Fickel (1986);Pretest-posttest control group;untreated;Reasoning;0,017;0,038
2363;236301;Fickel (1986);Pretest-posttest control group;untreated;Reasoning;0,072;0,037
2365;236501;Flores (1985);Posttest-only control group;treated;Mathematical literacy;0,507;0,136
2365;236502;Flores (1985);Posttest-only control group;treated;Mathematical literacy;-0,022;0,145
2365;236503;Flores (1985);Posttest-only control group;treated;Mathematical literacy;0,617;0,346
2365;236504;Flores (1985);Posttest-only control group;treated;Mathematical literacy;0,075;0,213
2372;237201;Gallini (1987);Pretest-posttest control group;untreated;Spatial skills;0,966;0,098
2379;237901;Geva & Cohen (1987);Pretest-posttest control group;untreated;Spatial skills;-0,428;0,092
2379;237902;Geva & Cohen (1987);Pretest-posttest control group;untreated;Spatial skills;0,197;0,09
2379;237903;Geva & Cohen (1987);Pretest-posttest control group;untreated;Spatial skills;0,018;0,09
2379;237904;Geva & Cohen (1987);Pretest-posttest control group;untreated;Spatial skills;-0,539;0,091
2379;237905;Geva & Cohen (1987);Pretest-posttest control group;untreated;Spatial skills;1,475;0,113
2379;237906;Geva & Cohen (1987);Pretest-posttest control group;untreated;Spatial skills;1,219;0,105
2386;238605;Gonzalez (2016);Pretest-posttest control group;untreated;Reasoning;0,37;0,065
2386;238602;Gonzalez (2016);Pretest-posttest control group;untreated;Spatial skills;0,04;0,024
2386;238608;Gonzalez (2016);Pretest-posttest control group;untreated;Programming;0,712;0,022
2386;238609;Gonzalez (2016);Pretest-posttest control group;untreated;Digital literacy;0;0,021
2386;238601;Gonzalez (2016);Pretest-posttest control group;untreated;Reasoning;0,061;0,025
2386;238603;Gonzalez (2016);Pretest-posttest control group;untreated;Reasoning;0,017;0,027
2386;238604;Gonzalez (2016);Pretest-posttest control group;untreated;Reasoning;-0,022;0,025
2386;238606;Gonzalez (2016);Pretest-posttest control group;untreated;Reasoning;-0,174;0,076
2386;238607;Gonzalez (2016);Pretest-posttest control group;untreated;Reasoning;0,226;0,076
2401;240101;Hamada (1986);Posttest-only control group;treated;Mathematical literacy;-0,015;0,027
2401;240102;Hamada (1986);Posttest-only control group;treated;Mathematical literacy;-0,391;0,027
2401;240103;Hamada (1986);Posttest-only control group;treated;Mathematical literacy;-0,243;0,032
2401;240104;Hamada (1986);Posttest-only control group;treated;Mathematical literacy;-0,616;0,033
2449;244901;Johnson-Gentile et al. (1994);Posttest-only control group;treated;Mathematical literacy;-0,098;0,027
2449;244902;Johnson-Gentile et al. (1994);Posttest-only control group;treated;Mathematical literacy;0,562;0,028
2449;244903;Johnson-Gentile et al. (1994);Posttest-only control group;untreated;Mathematical literacy;1,975;0,039
2449;244904;Johnson-Gentile et al. (1994);Posttest-only control group;untreated;Mathematical literacy;2,492;0,047
2453;245301;Julie (1988);Pretest-posttest control group;treated;Mathematical literacy;-0,26;0,146
2453;245302;Julie (1988);Pretest-posttest control group;treated;Mathematical literacy;0,938;0,161
2453;245303;Julie (1988);Pretest-posttest control group;treated;Mathematical literacy;0,6;0,151
2453;245304;Julie (1988);Posttest-only control group;treated;Mathematical literacy;-0,139;0,145
2453;245305;Julie (1988);Posttest-only control group;treated;Mathematical literacy;0,698;0,154
2453;245306;Julie (1988);Posttest-only control group;treated;Mathematical literacy;1,035;0,165
2471;247101;Kim et al. (2013b);Pretest-posttest control group;treated;Reasoning;-0,154;0,035
2471;247102;Kim et al. (2013b);Pretest-posttest control group;treated;Reasoning;-0,066;0,035
2471;247103;Kim et al. (2013b);Pretest-posttest control group;treated;Reasoning;-0,063;0,035
2471;247104;Kim et al. (2013b);Pretest-posttest control group;treated;Reasoning;0,18;0,035
2471;247105;Kim et al. (2013b);Pretest-posttest control group;treated;Reasoning;-0,044;0,035
2471;247106;Kim et al. (2013b);Pretest-posttest control group;treated;Reasoning;0,127;0,035
2474;247401;Kiser (1989);Pretest-posttest control group;untreated;Reasoning;0,805;0,11
2474;247404;Kiser (1989);Pretest-posttest control group;untreated;Reasoning;-0,441;0,109
2474;247406;Kiser (1989);Pretest-posttest control group;untreated;Reasoning;0,376;0,108
2474;247407;Kiser (1989);Pretest-posttest control group;untreated;Reasoning;0,169;0,107
2474;247410;Kiser (1989);Pretest-posttest control group;untreated;Reasoning;1,097;0,111
2474;247413;Kiser (1989);Pretest-posttest control group;untreated;Reasoning;-0,04;0,101
2474;247415;Kiser (1989);Pretest-posttest control group;untreated;Reasoning;0,656;0,107
2474;247416;Kiser (1989);Pretest-posttest control group;untreated;Reasoning;0,387;0,103
2474;247402;Kiser (1989);Pretest-posttest control group;untreated;Metacognition;-1,094;0,108
2474;247403;Kiser (1989);Pretest-posttest control group;untreated;Metacognition;-1,242;0,128
2474;247405;Kiser (1989);Pretest-posttest control group;untreated;Metacognition;-0,512;0,111
2474;247408;Kiser (1989);Pretest-posttest control group;untreated;Mathematical literacy;0,218;0,087
2474;247409;Kiser (1989);Pretest-posttest control group;untreated;Mathematical literacy;0,097;0,089
2474;247411;Kiser (1989);Pretest-posttest control group;untreated;Metacognition;-1,197;0,109
2474;247412;Kiser (1989);Pretest-posttest control group;untreated;Metacognition;-0,328;0,106
2474;247414;Kiser (1989);Pretest-posttest control group;untreated;Metacognition;-0,738;0,113
2474;247417;Kiser (1989);Pretest-posttest control group;untreated;Mathematical literacy;0,087;0,086
2474;247418;Kiser (1989);Pretest-posttest control group;untreated;Mathematical literacy;-0,035;0,086
2489;248903;Kurland et al. (1986);Posttest-only control group;untreated;Mathematical literacy;-0,046;0,14
2489;248904;Kurland et al. (1986);Posttest-only control group;untreated;Mathematical literacy;0,116;0,14
2489;248907;Kurland et al. (1986);Posttest-only control group;untreated;Mathematical literacy;0,241;0,131
2489;248908;Kurland et al. (1986);Posttest-only control group;untreated;Mathematical literacy;0,082;0,131
2489;248901;Kurland et al. (1986);Posttest-only control group;untreated;Reasoning;0,172;0,136
2489;248902;Kurland et al. (1986);Posttest-only control group;untreated;Reasoning;-0,138;0,136
2489;248905;Kurland et al. (1986);Posttest-only control group;untreated;Reasoning;0,03;0,123
2489;248906;Kurland et al. (1986);Posttest-only control group;untreated;Reasoning;-0,158;0,123
2493;249302;Lai & Yang (2011);Pretest-posttest control group;untreated;Reasoning;0,434;0,04
2493;249301;Lai & Yang (2011);Pretest-posttest control group;untreated;Reasoning;0,336;0,04
2501;250101;Lee (1995);Pretest-posttest control group;untreated;Spatial skills;0,127;0,088
2513;251301;Lehrer & Randle (1987);Posttest-only control group;treated;Reasoning;0,285;0,146
2513;251302;Lehrer & Randle (1987);Posttest-only control group;treated;Reasoning;0,537;0,15
2513;251303;Lehrer & Randle (1987);Posttest-only control group;treated;Reasoning;1,007;0,164
2513;251307;Lehrer & Randle (1987);Posttest-only control group;untreated;Reasoning;1,258;0,175
2513;251308;Lehrer & Randle (1987);Posttest-only control group;untreated;Reasoning;1,26;0,175
2513;251309;Lehrer & Randle (1987);Posttest-only control group;untreated;Reasoning;1,296;0,177
2513;251304;Lehrer & Randle (1987);Posttest-only control group;treated;Metacognition;-0,095;0,144
2513;251305;Lehrer & Randle (1987);Posttest-only control group;treated;Metacognition;0,068;0,144
2513;251306;Lehrer & Randle (1987);Posttest-only control group;untreated;Literacy;-0,469;0,149
2513;251310;Lehrer & Randle (1987);Posttest-only control group;untreated;Metacognition;0,24;0,145
2513;251311;Lehrer & Randle (1987);Posttest-only control group;untreated;Metacognition;-1,176;0,171
2513;251312;Lehrer & Randle (1987);Posttest-only control group;untreated;Metacognition;1,069;0,166
2513;251313;Lehrer & Randle (1987);Posttest-only control group;treated;Literacy;-0,138;0,145
2514;251401;Lehrer et al. (1989);Posttest-only control group;treated;Mathematical literacy;0,107;0,119
2514;251402;Lehrer et al. (1989);Posttest-only control group;treated;Mathematical literacy;0,421;0,122
2514;251403;Lehrer et al. (1989);Posttest-only control group;treated;Mathematical literacy;0,181;0,119
2514;251404;Lehrer et al. (1989);Posttest-only control group;treated;Mathematical literacy;0,227;0,12
2514;251405;Lehrer et al. (1989);Posttest-only control group;treated;Mathematical literacy;0,578;0,124
2514;251406;Lehrer et al. (1989);Posttest-only control group;treated;Mathematical literacy;0,593;0,124
2515;251501;Lenamond (1992);Pretest-posttest control group;treated;Reasoning;1,406;0,159
2515;251502;Lenamond (1992);Pretest-posttest control group;treated;Reasoning;0,168;0,127
2527;252701;Luckow (1984);Pretest-posttest control group;untreated;Spatial skills;-0,287;0,089
2527;252702;Luckow (1984);Pretest-posttest control group;untreated;Spatial skills;-0,541;0,093
2569;256901;Miller (1985);Pretest-posttest control group;untreated;Spatial skills;0,264;0,206
2569;256902;Miller (1985);Pretest-posttest control group;untreated;Spatial skills;-0,043;0,204
2586;258601;Moreno-Leon et al. (2016);Pretest-posttest control group;untreated;Mathematical literacy;0,584;0,079
2586;258602;Moreno-Leon et al. (2016);Pretest-posttest control group;untreated;School achievement;1,169;0,093
2586;258603;Moreno-Leon et al. (2016);Pretest-posttest control group;untreated;Literacy;0,062;0,131
2595;259503;Nastasi & Clements (1992);Posttest-only control group;treated;Reasoning;0,315;0,082
2595;259504;Nastasi & Clements (1992);Posttest-only control group;treated;Reasoning;0,718;0,086
2595;259505;Nastasi & Clements (1992);Posttest-only control group;treated;Reasoning;0,799;0,087
2595;259506;Nastasi & Clements (1992);Posttest-only control group;treated;Reasoning;0,436;0,083
2595;259501;Nastasi & Clements (1992);Posttest-only control group;treated;Metacognition;0,55;0,084
2595;259502;Nastasi & Clements (1992);Posttest-only control group;treated;Metacognition;0,358;0,082
2596;259601;Nastasi et al. (1990);Pretest-posttest control group;treated;Reasoning;0,513;0,105
2596;259602;Nastasi et al. (1990);Pretest-posttest control group;treated;Reasoning;0,194;0,102
2596;259603;Nastasi et al. (1990);Pretest-posttest control group;treated;Reasoning;0,138;0,101
2596;259604;Nastasi et al. (1990);Pretest-posttest control group;treated;Reasoning;1,445;0,129
2607;260701;Olson (1985);Pretest-posttest control group;treated;Spatial skills;-0,45;0,138
2607;260702;Olson (1985);Pretest-posttest control group;treated;Mathematical literacy;-0,119;0,135
2607;260703;Olson (1985);Pretest-posttest control group;untreated;Spatial skills;0,338;0,137
2607;260704;Olson (1985);Pretest-posttest control group;untreated;Mathematical literacy;-0,223;0,136
2608;260801;Oprea (1984);Posttest-only control group;treated;Mathematical literacy;0,47;0,074
2608;260802;Oprea (1984);Posttest-only control group;untreated;Programming;1,276;0,087
2608;260803;Oprea (1984);Posttest-only control group;treated;Mathematical literacy;0,516;0,075
2608;260804;Oprea (1984);Posttest-only control group;treated;Mathematical literacy;0,419;0,07
2608;260805;Oprea (1984);Posttest-only control group;untreated;Programming;1,13;0,079
2608;260806;Oprea (1984);Posttest-only control group;treated;Mathematical literacy;1,051;0,078
2610;261001;Ortiz (1987);Posttest-only control group;treated;Mathematical literacy;0,437;0,068
2610;261002;Ortiz (1987);Posttest-only control group;treated;Mathematical literacy;0,898;0,073
2610;261003;Ortiz (1987);Posttest-only control group;untreated;Mathematical literacy;0,756;0,072
2610;261004;Ortiz (1987);Posttest-only control group;untreated;Mathematical literacy;0,921;0,075
2616;261605;Palumbo & Reed (1991);Posttest-only control group;untreated;School achievement;0,064;0,168
2616;261601;Palumbo & Reed (1991);Pretest-posttest control group;untreated;Reasoning;1,022;0,192
2616;261602;Palumbo & Reed (1991);Pretest-posttest control group;untreated;Reasoning;0,319;0,171
2616;261603;Palumbo & Reed (1991);Pretest-posttest control group;untreated;Reasoning;0,944;0,189
2616;261604;Palumbo & Reed (1991);Pretest-posttest control group;untreated;Reasoning;0,844;0,184
2619;261901;Papaevripidou et al. (2007);Pretest-posttest control group;treated;Reasoning;2,739;0,229
2619;261902;Papaevripidou et al. (2007);Pretest-posttest control group;treated;Reasoning;1,762;0,163
2619;261903;Papaevripidou et al. (2007);Pretest-posttest control group;treated;Reasoning;8,632;1,244
2619;261904;Papaevripidou et al. (2007);Pretest-posttest control group;treated;Reasoning;4,766;0,46
2619;261905;Papaevripidou et al. (2007);Pretest-posttest control group;treated;Reasoning;3,546;0,306
2619;261906;Papaevripidou et al. (2007);Pretest-posttest control group;treated;Reasoning;5,968;0,655
2623;262305;Pardamean & Evelin (2014);Pretest-posttest control group;untreated;Reasoning;0,504;0,048
2623;262306;Pardamean & Evelin (2014);Pretest-posttest control group;untreated;Reasoning;0,038;0,046
2623;262301;Pardamean & Evelin (2014);Pretest-posttest control group;untreated;Creativity;0,393;0,047
2623;262302;Pardamean & Evelin (2014);Pretest-posttest control group;untreated;Creativity;1,399;0,058
2623;262303;Pardamean & Evelin (2014);Pretest-posttest control group;untreated;Creativity;0,356;0,047
2623;262304;Pardamean & Evelin (2014);Pretest-posttest control group;untreated;Creativity;0,248;0,047
2624;262401;Pardamean et al. (2015);Pretest-posttest control group;untreated;Reasoning;0,413;0,048
2624;262402;Pardamean et al. (2015);Pretest-posttest control group;untreated;Reasoning;0,216;0,048
2624;262403;Pardamean et al. (2015);Pretest-posttest control group;untreated;Reasoning;0,744;0,051
2624;262404;Pardamean et al. (2015);Pretest-posttest control group;untreated;Reasoning;0,723;0,05
2625;262501;Park (2015);Pretest-posttest control group;treated;School achievement;0,323;0,033
2643;264305;Pollock (1997);Pretest-posttest control group;untreated;Reasoning;-0,377;0,137
2643;264306;Pollock (1997);Pretest-posttest control group;untreated;Reasoning;-0,249;0,136
2643;264307;Pollock (1997);Pretest-posttest control group;untreated;Reasoning;0,172;0,135
2643;264308;Pollock (1997);Pretest-posttest control group;untreated;Reasoning;-0,422;0,138
2643;264304;Pollock (1997);Pretest-posttest control group;untreated;Reasoning;-0,043;0,135
2643;264301;Pollock (1997);Pretest-posttest control group;untreated;Reasoning;0,003;0,135
2643;264302;Pollock (1997);Pretest-posttest control group;untreated;Reasoning;-0,136;0,135
2643;264303;Pollock (1997);Pretest-posttest control group;untreated;Spatial skills;-0,357;0,137
2645;264501;Poulin-Dubois et al. (1989);Pretest-posttest control group;untreated;Reasoning;0,651;0,065
2645;264502;Poulin-Dubois et al. (1989);Pretest-posttest control group;untreated;Reasoning;0,493;0,064
2652;265201;Reding (1981);Pretest-posttest control group;treated;Reasoning;-0,224;0,032
2654;265401;Reeder & Leming (1994);Pretest-posttest control group;untreated;Reasoning;0,483;0,111
2670;267001;Rose (1983);Pretest-posttest control group;untreated;Reasoning;0,412;0,098
2670;267002;Rose (1983);Pretest-posttest control group;untreated;Reasoning;0,29;0,097
2670;267003;Rose (1983);Pretest-posttest control group;untreated;Mathematical literacy;0,26;0,097
2670;267004;Rose (1983);Pretest-posttest control group;untreated;Mathematical literacy;0,203;0,097
2670;267005;Rose (1983);Pretest-posttest control group;untreated;Mathematical literacy;0,093;0,096
2670;267006;Rose (1983);Pretest-posttest control group;untreated;Spatial skills;0,19;0,097
2670;267007;Rose (1983);Pretest-posttest control group;untreated;Spatial skills;0,143;0,096
2670;267008;Rose (1983);Pretest-posttest control group;untreated;Spatial skills;0,101;0,096
2670;267009;Rose (1983);Pretest-posttest control group;untreated;Spatial skills;0,275;0,097
2670;267010;Rose (1983);Pretest-posttest control group;untreated;Reasoning;0,164;0,096
2670;267011;Rose (1983);Pretest-posttest control group;untreated;Reasoning;0,684;0,102
2670;267012;Rose (1983);Pretest-posttest control group;untreated;Reasoning;0,449;0,099
2670;267013;Rose (1983);Pretest-posttest control group;untreated;Reasoning;0,26;0,097
2671;267101;Rucinski (1986);Pretest-posttest control group;untreated;Reasoning;-0,127;0,046
2671;267102;Rucinski (1986);Pretest-posttest control group;untreated;Reasoning;0,386;0,046
2671;267103;Rucinski (1986);Pretest-posttest control group;untreated;Reasoning;0,239;0,046
2671;267104;Rucinski (1986);Pretest-posttest control group;untreated;Reasoning;0,258;0,046
2685;268501;Seo & Kim (2016);Pretest-posttest control group;untreated;Programming;0,194;0,088
2685;268502;Seo & Kim (2016);Pretest-posttest control group;untreated;Creativity;0,77;0,094
2685;268503;Seo & Kim (2016);Pretest-posttest control group;untreated;Creativity;0,356;0,089
2685;268504;Seo & Kim (2016);Pretest-posttest control group;untreated;Creativity;0,328;0,089
2685;268505;Seo & Kim (2016);Pretest-posttest control group;untreated;Creativity;0,649;0,092
2689;268901;Shaw (1986);Pretest-posttest control group;untreated;Reasoning;0,215;0,047
2689;268902;Shaw (1986);Pretest-posttest control group;untreated;Reasoning;-0,092;0,043
2715;271501;Swan & Black (1990);Pretest-posttest control group;treated;Reasoning;0,51;0,046
2718;271801;Taitt (1985);Pretest-posttest control group;treated;Mathematical literacy;2,015;0,114
2718;271802;Taitt (1985);Posttest-only control group;treated;Mathematical literacy;1,864;0,11
2719;271902;Teahan (2001);Pretest-posttest control group;untreated;Reasoning;0,254;0,194
2719;271903;Teahan (2001);Pretest-posttest control group;untreated;Reasoning;-0,297;0,195
2719;271901;Teahan (2001);Pretest-posttest control group;untreated;Mathematical literacy;-0,266;0,194
2719;271904;Teahan (2001);Pretest-posttest control group;untreated;Spatial skills;-0,025;0,193
2724;272401;Tsuei (1998);Pretest-posttest control group;treated;Creativity;-0,796;0,054
2724;272402;Tsuei (1998);Pretest-posttest control group;treated;Creativity;-0,381;0,051
2724;272403;Tsuei (1998);Pretest-posttest control group;treated;Creativity;-0,354;0,051
2724;272404;Tsuei (1998);Pretest-posttest control group;treated;Creativity;-1,106;0,058
2724;272405;Tsuei (1998);Pretest-posttest control group;untreated;Creativity;0,604;0,053
2724;272406;Tsuei (1998);Pretest-posttest control group;untreated;Creativity;0,57;0,052
2724;272407;Tsuei (1998);Pretest-posttest control group;untreated;Creativity;0,462;0,052
2724;272408;Tsuei (1998);Pretest-posttest control group;untreated;Creativity;-0,621;0,053
2726;272602;Turner & Land (1988);Pretest-posttest control group;untreated;Reasoning;-0,323;0,025
2726;272601;Turner & Land (1988);Pretest-posttest control group;treated;Mathematical literacy;-0,317;0,026
2748;274801;Weaver (1991);Pretest-posttest control group;treated;Mathematical literacy;1,354;0,231
2748;274802;Weaver (1991);Pretest-posttest control group;treated;Mathematical literacy;-0,726;0,198
2748;274803;Weaver (1991);Pretest-posttest control group;treated;Mathematical literacy;0,652;0,204
2748;274804;Weaver (1991);Pretest-posttest control group;treated;Mathematical literacy;-0,645;0,196
2748;274805;Weaver (1991);Pretest-posttest control group;untreated;Mathematical literacy;1,808;0,243
2748;274806;Weaver (1991);Pretest-posttest control group;untreated;Mathematical literacy;0,312;0,204
2748;274807;Weaver (1991);Pretest-posttest control group;untreated;Mathematical literacy;1,075;0,203
2748;274808;Weaver (1991);Pretest-posttest control group;untreated;Mathematical literacy;0,176;0,202
2766;276601;Yoder (1988);Posttest-only control group;treated;Mathematical literacy;-0,123;0,066
2766;276602;Yoder (1988);Posttest-only control group;treated;Mathematical literacy;-0,521;0,072
2770;277001;Yusuf (1995);Pretest-posttest control group;treated;Mathematical literacy;1,332;0,072
2785;278501;Ortiz (2015);Pretest-posttest control group;treated;Mathematical literacy;-0,538;0,131
2785;278502;Ortiz (2015);Pretest-posttest control group;treated;Mathematical literacy;0,316;0,128
2785;278503;Ortiz (2015);Pretest-posttest control group;treated;Mathematical literacy;2,126;0,202
2786;278601;VanLengen & Maddux (1990);Pretest-posttest control group;untreated;Reasoning;-0,32;0,117
2792;279201;Yi & Eu (2016);Pretest-posttest control group;treated;Spatial skills;3,117;0,241
4000;400002;Psycharis & Kallia (2017);Pretest-posttest control group;treated;Reasoning;0,496;0,061
4000;400001;Psycharis & Kallia (2017);Pretest-posttest control group;treated;Programming;0,226;0,06